Country; Data Source; Beverage Types,Recorded alcohol per capita (15+) consumption (in litres of pure alcohol); 1979,Recorded alcohol per capita (15+) consumption (in litres of pure alcohol); 1978,Recorded alcohol per capita (15+) consumption (in litres of pure alcohol); 1977,Recorded alcohol per capita (15+) consumption (in litres of pure alcohol); 1976,Recorded alcohol per capita (15+) consumption (in litres of pure alcohol); 1975,Recorded alcohol per capita (15+) consumption (in litres of pure alcohol); 1974,Recorded alcohol per capita (15+) consumption (in litres of pure alcohol); 1973,Recorded alcohol per capita (15+) consumption (in litres of pure alcohol); 1972,Recorded alcohol per capita (15+) consumption (in litres of pure alcohol); 1971,Recorded alcohol per capita (15+) consumption (in litres of pure alcohol); 1970,Recorded alcohol per capita (15+) consumption (in litres of pure alcohol); 1969,Recorded alcohol per capita (15+) consumption (in litres of pure alcohol); 1968,Recorded alcohol per capita (15+) consumption (in litres of pure alcohol); 1967,Recorded alcohol per capita (15+) consumption (in litres of pure alcohol); 1966,Recorded alcohol per capita (15+) consumption (in litres of pure alcohol); 1965,Recorded alcohol per capita (15+) consumption (in litres of pure alcohol); 1964,Recorded alcohol per capita (15+) consumption (in litres of pure alcohol); 1963,Recorded alcohol per capita (15+) consumption (in litres of pure alcohol); 1962,Recorded alcohol per capita (15+) consumption (in litres of pure alcohol); 1961,Recorded alcohol per capita (15+) consumption (in litres of pure alcohol); 1960
Afghanistan; Data source; All types,0,0,0,0,0,0,0,0,0,0,0,0,0,0,0,0,0,0,0,
Afghanistan; Data source; Beer,0,0,0,0,0,0,0,0,0,0,0,0,0,0,0,0,0,0,0,
Afghanistan; Data source; Wine,0,0,0,0,0,0,0,0,0,0,0,0,0,0,0,0,0,0,0,
Afghanistan; Data source; Spirits,0,0,0,0,0,0,0,0,0,0,0,0,0,0,0,0,0,0,0,
Afghanistan; Data source; Other alcoholic beverages,0,0,0,0,0,0,0,0,0,0,0,0,0,0,0,0,0,0,0,
Albania; Data source; All types,1.4,1.65,1.37,1.33,1.35,1.58,1.59,1.56,1.2,1.77,1.73,1.44,1.17,1.03,1.04,1.04,0.91,1.17,,
Albania; Data source; Beer,0.48,0.5,0.46,0.5,0.52,0.52,0.53,0.52,0.48,0.47,0.54,0.53,0.49,0.51,0.5,0.52,0.52,0.49,,
Albania; Data source; Wine,0.16,0.3,0.16,0.14,0.14,0.19,0.34,0.23,0.13,0.51,0.47,0.36,0.19,0.13,0.21,0.26,0.19,0.28,,
Albania; Data source; Spirits,0.76,0.85,0.74,0.69,0.69,0.87,0.72,0.82,0.59,0.79,0.73,0.55,0.49,0.38,0.33,0.26,0.2,0.41,,
Algeria; Data source; All types,0.56,0.95,1.05,1.38,1.36,1.56,1.49,2.51,2.12,1.67,1.87,1.32,0.88,0.85,0.93,0.91,1.12,1.77,2.57,
Algeria; Data source; Beer,0.27,0.29,0.31,0.31,0.22,0.35,0.41,0.38,0.38,0.38,0.36,0.34,0.33,0.29,0.27,0.26,0.33,0.51,0.67,
Algeria; Data source; Wine,0.26,0.58,0.67,0.98,1.04,1.12,1.07,2.04,1.61,1.17,1.27,0.82,0.5,0.5,0.58,0.57,0.73,1.14,1.6,
Algeria; Data source; Spirits,0.02,0.07,0.07,0.09,0.09,0.08,0,0.06,0.12,0.11,0.23,0.15,0.05,0.05,0.07,0.07,0.07,0.11,0.29,
Angola; Data source; All types,1.7,1.67,1.88,2.32,2.44,3.69,4.74,4.31,4.9,5.43,5.51,5.39,5.25,5.76,5.31,4.92,4.7,4.49,5.37,
Angola; Data source; Beer,1.27,1.36,1.33,1.51,1.3,1.68,1.9,1.72,1.65,1.48,1.38,1.2,1.09,1.12,0.95,0.94,1.01,0.91,0.72,
Angola; Data source; Wine,0.22,0.05,0.19,0.39,0.8,1.73,1.66,1.9,2.37,3.2,3.62,3.65,3.87,4.35,4.01,3.5,2.93,2.38,3.36,
Angola; Data source; Spirits,0.21,0.27,0.36,0.42,0.34,0.29,1.18,0.68,0.89,0.75,0.51,0.55,0.29,0.3,0.36,0.47,0.76,1.2,1.3,
Antigua and Barbuda; Data source; All types,0.94,0.66,0.73,3.01,1.91,2.01,5.52,2.88,5.8,5.89,5.05,4.75,4.84,4.89,3.5,3.64,3.58,3.22,,
Antigua and Barbuda; Data source; Beer,0.28,0.32,0.19,0.57,0.71,0.64,1.09,1.13,1.17,1.17,1.12,0.82,0.78,0.72,0.35,0.38,0.3,0.29,,
Antigua and Barbuda; Data source; Wine,0.22,0.23,0.2,0.06,0.05,0.08,0.07,0.03,0.03,0.04,0.03,0.04,0.03,0.02,0.01,0.02,0.1,0.09,,
Antigua and Barbuda; Data source; Spirits,0.44,0.11,0.34,2.38,1.14,1.29,4.36,1.72,4.6,4.68,3.9,3.89,4.03,4.15,3.14,3.24,3.18,2.84,,
Antigua and Barbuda; Data source; Other alcoholic beverages,0,0,0,0,0,0,0,0,0,0,0,0,0,0,0,0,0,0,,
Argentina; Data source; All types,16.06,15.71,17.06,17.28,17.53,16.1,15.02,16.12,17.02,18.41,17.84,17.65,16.97,16.59,17.77,17.76,17.6,16.74,16.39,
Argentina; Data source; Beer,0.5,0.49,0.61,0.66,1.02,1.16,0.79,0.76,0.79,0.93,0.8,0.74,0.66,0.71,0.72,0.5,0.37,0.6,0.75,
Argentina; Data source; Wine,13.13,13.93,14.91,14.21,14.02,12.95,12.19,13.35,14.42,15.6,15.07,14.93,14.16,13.75,14.75,14.96,14.85,14.03,13.61,
Argentina; Data source; Spirits,2.44,1.29,1.42,2.41,2.49,1.99,2.04,2.02,1.82,1.89,1.97,1.98,2.14,2.13,2.3,2.3,2.38,2.11,2.03,
Australia; Data source; All types,13.23,13.16,13.54,13.41,13.21,13.46,13.19,12.21,11.69,11.62,11.49,11.03,10.72,10.2,9.94,10.05,9.74,9.29,9.16,
Australia; Data source; Beer,9.02,8.99,9.35,9.38,9.42,9.7,9.57,8.81,8.64,8.64,8.51,8.33,8.1,7.84,7.69,7.72,7.52,6.44,6.36,
Australia; Data source; Wine,2.83,2.7,2.36,2.27,2.18,2.08,1.87,1.66,1.51,1.49,1.52,1.4,1.3,1.17,1.05,0.97,0.96,0.91,0.88,
Australia; Data source; Spirits,1.38,1.47,1.83,1.76,1.61,1.68,1.76,1.74,1.54,1.49,1.45,1.3,1.32,1.19,1.19,1.36,1.26,1.16,1.19,
Austria; Data source; All types,13.4,14,14.2,14.3,14.1,14.5,14.6,14.2,13.6,13.4,13,13.2,13.1,12.4,11.6,10.7,9.8,9.7,9.31,8.91
Austria; Data source; Beer,6.5,6.7,6.8,6.8,6.7,7.1,7,7,6.6,6.5,6.4,6.8,6.5,6.5,6,6,5.5,5.2,4.9,4.7
Austria; Data source; Wine,5.2,5.1,5.3,5.4,5.2,5.3,5.5,5.4,5.4,5.2,5,5,4.8,4.7,4,3.1,3,2.9,3.01,2.81
Austria; Data source; Spirits,1.7,2.2,2.1,2.1,2.2,2.1,2.1,1.8,1.6,1.7,1.6,1.4,1.8,1.2,1.6,1.6,1.3,1.6,1.4,1.4
Austria; Data source; Other alcoholic beverages,No data,No data,No data,No data,No data,No data,No data,No data,No data,No data,No data,No data,No data,No data,No data,No data,No data,No data,No data,No data
Bahamas; Data source; All types,14.99,14.42,14.65,14.94,13.56,15.28,16.44,15.57,16.23,15.98,16.01,15.14,14.67,17.72,15.52,13.41,12.56,10.43,11.82,
Bahamas; Data source; Beer,3.59,2.62,2.7,2.82,2.88,3.34,3.55,3.69,3.82,4.11,4.21,4.05,3.96,3.61,3.47,3.22,3.07,2.68,2.63,
Bahamas; Data source; Wine,2.12,2.24,2.2,2.87,1.95,2.08,2.66,2.08,1.88,2.04,2.25,1.57,1.64,1.62,1.72,1.28,1.14,1.08,1.16,
Bahamas; Data source; Spirits,9.28,9.54,9.75,9.25,8.73,9.87,10.22,9.8,10.53,9.84,9.54,9.52,9.08,12.48,10.33,8.92,8.35,6.68,8.04,
Bahamas; Data source; Other alcoholic beverages,0.01,0.01,0,0,0,0,0.01,0,0,0,0.01,0,0,0,0,0,0,0,0,
Bahrain; Data source; All types,5.25,No data,6.31,No data,4.7,4.03,4.54,3.36,3.74,4.71,,,,,,,,,,
Bahrain; Data source; Beer,0.97,No data,1.75,No data,1.3,1.22,1.26,1.31,1.21,1.3,,,,,,,,,,
Bahrain; Data source; Wine,0.18,No data,0.46,No data,0.36,0.22,0.21,0.14,0.16,0.14,,,,,,,,,,
Bahrain; Data source; Spirits,3.89,No data,4.1,No data,3.03,2.59,3.07,1.91,2.37,3.27,,,,,,,,,,
Bangladesh; Data source; All types,0,0,0,0,0,0,0,0,0,0,0,0,0,0,0,0,0,0,0,
Bangladesh; Data source; Beer,0,0,0,0,0,0,0,0,0,0,0,0,0,0,0,0,0,0,0,
Bangladesh; Data source; Wine,0,0,0,0,0,0,0,0,0,0,0,0,0,0,0,0,0,0,0,
Bangladesh; Data source; Spirits,0,0,0,0,0,0,0,0,0,0,0,0,0,0,0,0,0,0,0,
Belgium; Data source; All types,13.56,13.4,13.47,13.6,13.46,13.35,13.81,13,12.62,12.43,11.46,11.15,10.73,10.3,10.76,10.48,9.88,,,
Belgium; Data source; Beer,7.9,7.92,8.28,8.8,8.38,8.58,9.25,8.7,8.49,8.66,8.29,7.99,7.94,7.65,7.67,7.93,7.64,,,
Belgium; Data source; Wine,2.82,2.47,2.52,2.31,2.52,2.32,2.25,2.23,2.08,2.04,1.75,1.72,1.53,1.4,1.62,1.33,1.01,,,
Belgium; Data source; Spirits,2.84,3.01,2.67,2.49,2.56,2.45,2.31,2.07,2.05,1.73,1.42,1.44,1.26,1.25,1.47,1.22,1.23,,,
Belize; Data source; All types,7.33,7.05,7.39,6.93,6.78,6.69,5.86,5.66,5.03,5.04,4.93,4.63,4.45,4.68,5.68,5.37,5.67,5.93,5.04,
Belize; Data source; Beer,2.21,1.95,2.62,2.39,2.36,2.22,1.65,1.6,1.13,1.09,1.15,0.94,0.79,0.9,1.08,0.98,0.93,1.06,0.54,
Belize; Data source; Wine,0.16,0.11,0.05,0.08,0.08,0.13,0.09,0.06,0.06,0.06,0.06,0.07,0.03,0.03,0.05,0.07,0.06,0.06,0.06,
Belize; Data source; Spirits,4.96,4.97,4.71,4.45,4.34,4.33,4.13,4,3.83,3.89,3.71,3.62,3.63,3.74,4.54,4.31,4.69,4.81,4.44,
Benin; Data source; All types,2.08,2.49,3.46,2.26,2.24,1.24,1.02,0.98,0.99,0.86,0.8,0.82,0.71,1.07,0.91,0.85,0.91,0.91,0.9,
Benin; Data source; Beer,0.81,0.82,0.82,0.7,0.69,0.69,0.63,0.58,0.57,0.51,0.48,0.46,0.42,0.46,0.47,0.49,0.54,0.53,0.57,
Benin; Data source; Wine,0.18,0.19,0.24,0.21,0.21,0.13,0.16,0.18,0.2,0.17,0.17,0.21,0.17,0.19,0.19,0.23,0.26,0.22,0.2,
Benin; Data source; Spirits,1.09,1.49,2.4,1.35,1.34,0.42,0.23,0.22,0.22,0.18,0.15,0.15,0.11,0.42,0.24,0.13,0.11,0.15,0.13,
Bhutan; Data source; All types,0.53,0.49,0.5,0.48,0.59,0.59,0.53,0.55,0.53,0.54,0.53,0.55,0.52,0.49,0.51,0.5,0.51,0.45,0.42,
Bhutan; Data source; Beer,0.53,0.49,0.5,0.48,0.59,0.59,0.53,0.55,0.53,0.54,0.53,0.55,0.52,0.49,0.51,0.5,0.51,0.45,0.42,
Bhutan; Data source; Wine,0,0,0,0,0,0,0,0,0,0,0,0,0,0,0,0,0,0,0,
Bhutan; Data source; Spirits,0,0,0,0,0,0,0,0,0,0,0,0,0,0,0,0,0,0,0,
Bolivia (Plurinational State of); Data source; All types,4.81,5.04,4.61,3.77,3.36,3.21,2.72,2.3,2.21,2.56,2.65,2.64,2.4,2.23,2.22,2.66,2.17,1.4,1.39,
Bolivia (Plurinational State of); Data source; Beer,1.79,1.7,1.66,1.54,1.25,0.96,0.77,0.76,0.75,0.71,0.65,0.6,0.61,0.59,0.52,0.55,0.52,0.49,0.46,
Bolivia (Plurinational State of); Data source; Wine,0.1,0.1,0.08,0.08,0.07,0.07,0.06,0.06,0.04,0.04,0.04,0.04,0.05,0.05,0.05,0.05,0.05,0.06,0.06,
Bolivia (Plurinational State of); Data source; Spirits,2.93,3.24,2.88,2.14,2.03,2.18,1.89,1.48,1.42,1.81,1.96,2,1.74,1.59,1.64,2.05,1.59,0.85,0.87,
Botswana; Data source; All types,3.45,3.56,5.13,5.27,5.76,5.07,7.58,7.42,6.48,6.44,6.35,6.11,6.44,6.59,6.16,5.83,6.09,5.63,5.9,
Botswana; Data source; Beer,1.36,1.28,2.25,2.54,2.85,2.55,3.98,3.87,3.36,3.34,3.32,3.18,3.4,3.48,3.23,3.03,3.17,2.91,3.05,
Botswana; Data source; Wine,0.21,0.26,0.16,0.1,0.17,0.15,0.16,0.17,0.15,0.13,0.14,0.12,0.12,0.12,0.13,0.13,0.13,0.13,0.14,
Botswana; Data source; Spirits,0.86,1.06,1.03,0.71,0.6,0.44,0.46,0.47,0.44,0.45,0.41,0.42,0.37,0.38,0.38,0.39,0.4,0.41,0.41,
Botswana; Data source; Other alcoholic beverages,1.03,0.96,1.69,1.91,2.14,1.92,2.99,2.91,2.53,2.51,2.49,2.39,2.55,2.61,2.42,2.27,2.39,2.18,2.3,
Brazil; Data source; All types,3.54,3.47,3.18,3.08,2.97,3,3.01,2.92,2.9,3.05,2.68,2.65,2.62,1.75,1.87,2.01,1.88,,,
Brazil; Data source; Beer,1.38,1.3,1.05,0.94,0.87,0.87,0.84,0.74,0.83,0.68,0.7,0.78,0.72,0.64,0.72,0.76,0.67,,,
Brazil; Data source; Wine,0.53,0.53,0.5,0.46,0.44,0.46,0.54,0.54,0.46,0.5,0.53,0.47,0.44,0.36,0.36,0.44,0.45,,,
Brazil; Data source; Spirits,1.63,1.64,1.63,1.67,1.66,1.67,1.63,1.63,1.61,1.88,1.45,1.41,1.46,0.75,0.78,0.81,0.76,,,
Brunei Darussalam; Data source; All types,2.1,2.17,1.81,1.62,1.33,1.38,1.29,1.39,1.37,1.32,1.45,1.3,1.28,1.31,1.31,1.32,1.01,0.63,0.48,
Brunei Darussalam; Data source; Beer,1.38,1.32,1.23,1.11,0.88,0.93,0.88,0.96,0.91,0.89,0.93,0.84,0.81,0.86,0.69,0.8,0.65,0.59,0.46,
Brunei Darussalam; Data source; Wine,0.13,0.18,0.12,0.09,0.08,0.08,0.07,0.04,0.05,0.04,0.03,0.03,0.03,0.03,0.04,0.04,0.04,0.04,0.02,
Brunei Darussalam; Data source; Spirits,0.58,0.65,0.46,0.41,0.37,0.37,0.34,0.39,0.41,0.39,0.49,0.43,0.44,0.4,0.58,0.46,0.3,0,0,
Brunei Darussalam; Data source; Other alcoholic beverages,0.01,0.02,0,0.01,0,0,0,0,0,0,0,0,0,0.02,0,0.02,0.02,0,0,
Bulgaria; Data source; All types,10.91,11.27,10.52,10.86,10.15,10.22,10.14,9.18,8.88,8.44,8.71,9.01,7.84,7.31,7.25,6.52,7.25,,,
Bulgaria; Data source; Beer,3.73,3.64,3.49,3.32,3.1,3.09,2.87,2.6,2.46,2.36,2.13,1.86,1.74,1.53,1.38,1.15,1.22,,,
Bulgaria; Data source; Wine,3.17,3.69,3.32,3.77,3.32,3.7,3.88,3.27,3.28,2.98,3.46,4.27,3.39,3.23,3.52,3.09,3.5,,,
Bulgaria; Data source; Spirits,4.01,3.94,3.71,3.77,3.73,3.43,3.39,3.31,3.14,3.1,3.12,2.88,2.71,2.55,2.35,2.28,2.53,,,
Burkina Faso; Data source; All types,3.76,3.76,3.15,3.67,3.44,2.97,2.82,2.66,3,3.07,3,3.32,3.17,2.9,2.78,2.82,3.12,2.74,2.66,
Burkina Faso; Data source; Beer,0.4,0.4,0.33,0.39,0.37,0.31,0.29,0.28,0.32,0.33,0.32,0.36,0.34,0.31,0.3,0.3,0.33,0.29,0.28,
Burkina Faso; Data source; Wine,0.03,0.11,0.04,0.06,0.07,0.08,0.08,0.08,0.07,0.06,0.04,0.04,0.04,0.06,0.07,0.07,0.1,0.1,0.1,
Burkina Faso; Data source; Spirits,0.11,0.04,0.07,0.03,0.04,0.05,0.05,0.03,0.01,0.01,0.01,0.01,0.01,0.01,0.01,0.01,0.01,0.01,0.01,
Burkina Faso; Data source; Other alcoholic beverages,3.21,3.2,2.7,3.19,2.96,2.54,2.39,2.27,2.6,2.67,2.62,2.91,2.78,2.52,2.39,2.43,2.68,2.33,2.27,
Burundi; Data source; All types,8.43,7.56,8.78,8.56,8.49,8.22,8.45,7.41,8.1,8,7.94,8.13,8.14,8.2,8.17,8.19,7.71,7.44,7.43,
Burundi; Data source; Beer,2.74,1.98,2.02,1.94,1.77,1.57,1.66,1.42,1.46,1.43,1.33,1.39,1.43,1.52,1.49,1.49,1.42,1.38,1.4,
Burundi; Data source; Wine,0.02,0.02,0.02,0.01,0.01,0.02,0.02,0.02,0.01,0.02,0.01,0.03,0.02,0.02,0.02,0.02,0.01,0.01,0.01,
Burundi; Data source; Spirits,0.01,0.01,0.01,0.02,0.02,0.03,0.04,0.03,0.01,0.01,0.01,0,0.02,0.02,0,0,0,0,0,
Burundi; Data source; Other alcoholic beverages,5.66,5.55,6.73,6.59,6.69,6.6,6.73,5.94,6.62,6.54,6.59,6.71,6.67,6.64,6.66,6.68,6.28,6.05,6.02,
Cote d'Ivoire; Data source; All types,4,4.36,4.56,3.82,3.33,3.07,2.73,2.8,2.72,2.26,2.35,2.87,2.55,2.89,2.96,3.19,2.8,2.38,2.8,
Cote d'Ivoire; Data source; Beer,2.02,1.78,1.62,1.59,1.26,1.25,1.15,1.13,1,0.89,0.9,0.96,0.96,0.93,0.95,1,0.96,0.72,0.93,
Cote d'Ivoire; Data source; Wine,1.8,2.43,2.68,1.97,1.79,1.66,1.41,1.5,1.59,1.1,1.36,1.77,1.49,1.87,1.89,2.08,1.75,1.58,1.8,
Cote d'Ivoire; Data source; Spirits,0.18,0.15,0.25,0.25,0.28,0.16,0.18,0.17,0.13,0.26,0.09,0.14,0.1,0.09,0.11,0.11,0.09,0.08,0.07,
Cabo Verde; Data source; All types,1.92,2.2,2.2,3,4.59,3.71,3.54,3.47,2.31,2.37,2.16,2.24,1.78,1.91,1.89,1.78,1.66,1.72,1.67,
Cabo Verde; Data source; Beer,0.49,0.33,0.58,0.51,0.91,1.07,0.68,0.67,0.49,0.38,0.26,0.22,0.17,0.16,0.16,0.15,0.15,0.15,0.16,
Cabo Verde; Data source; Wine,0.93,1.37,1.81,2.19,2.98,2.06,2.04,1.86,1.2,1.08,1.13,1.41,1.13,1.32,1.29,1.17,1.04,1.08,1.02,
Cabo Verde; Data source; Spirits,0.5,0.51,0.46,0.3,0.7,0.58,0.81,0.94,0.63,0.91,0.75,0.6,0.48,0.44,0.45,0.46,0.47,0.48,0.49,
Cameroon; Data source; All types,6.71,6.65,6.19,6.32,6.51,6.72,6.34,6.23,6.38,6.18,6.66,5.96,6.22,6.67,6.38,6.34,6.03,6.22,6,
Cameroon; Data source; Beer,2.1,1.97,1.5,1.15,1.02,1.31,1.03,1,1,0.85,0.74,0.73,0.69,0.61,0.69,0.57,0.35,0.31,0.33,
Cameroon; Data source; Wine,0.09,0.09,0.33,0.65,0.55,0.69,0.61,0.49,0.45,0.52,0.53,0.49,0.59,0.49,0.41,0.41,0.37,0.42,0.42,
Cameroon; Data source; Spirits,0.04,0.05,0.07,0.15,0.09,0.13,0.1,0.08,0.07,0.06,0.08,0.09,0.11,0.14,0.11,0.09,0.08,0.33,0.09,
Cameroon; Data source; Other alcoholic beverages,4.48,4.55,4.28,4.37,4.86,4.59,4.59,4.66,4.86,4.75,5.31,4.66,4.84,5.43,5.17,5.27,5.22,5.16,5.16,
Canada; Data source; All types,10.15,10.11,9.94,9.92,9.76,9.33,8.83,8.37,7.85,7.48,7.16,7.21,6.97,6.76,6.49,6.49,7.87,7.56,7.39,
Canada; Data source; Beer,5.06,5.18,5.15,5.25,5.19,5.13,4.95,4.76,4.59,4.4,4.22,4.24,4.17,4.04,4.03,3.96,4.32,4.19,4.1,
Canada; Data source; Wine,1.08,0.96,0.87,0.83,0.79,0.75,0.71,0.65,0.57,0.51,0.44,0.42,0.4,0.38,0.33,0.33,0.44,0.41,0.4,
Canada; Data source; Spirits,4.01,3.97,3.92,3.84,3.78,3.45,3.17,2.96,2.69,2.57,2.5,2.55,2.4,2.34,2.02,2.07,2.51,2.39,2.31,
Central African Republic; Data source; All types,2.49,2.64,2.63,2.48,2.54,2.63,2.55,2.55,2.68,2.72,2.7,2.81,2.85,2.69,2.28,2.74,2.68,2.71,2.23,
Central African Republic; Data source; Beer,1.11,1.22,1.14,0.97,0.99,1.16,1.13,1.06,1.03,1.03,0.99,1,1.01,0.98,0.88,0.84,0.83,0.85,0.91,
Central African Republic; Data source; Wine,0.22,0.24,0.3,0.32,0.37,0.29,0.24,0.32,0.46,0.54,0.56,0.63,0.67,0.53,0.27,0.71,0.64,0.71,0.16,
Central African Republic; Data source; Spirits,0.04,0.06,0.05,0.06,0.05,0.04,0.05,0.04,0.06,0.02,0.02,0.05,0.05,0.06,0.05,0.09,0.09,0.07,0.07,
Central African Republic; Data source; Other alcoholic beverages,1.12,1.12,1.14,1.13,1.13,1.14,1.13,1.13,1.13,1.13,1.13,1.13,1.12,1.12,1.08,1.1,1.12,1.08,1.09,
Chad; Data source; All types,0.4,0.48,0.48,0.49,0.51,0.49,0.45,0.46,0.44,0.44,0.45,0.44,0.44,0.39,0.4,0.43,0.31,0.35,0.28,
Chad; Data source; Beer,0.38,0.42,0.41,0.42,0.42,0.4,0.35,0.34,0.32,0.3,0.29,0.27,0.25,0.23,0.22,0.24,0.2,0.2,0.18,
Chad; Data source; Wine,0.02,0.06,0.07,0.07,0.06,0.05,0.07,0.09,0.09,0.1,0.13,0.16,0.17,0.13,0.16,0.17,0.09,0.12,0.08,
Chad; Data source; Spirits,0,0,0,0,0.03,0.03,0.03,0.03,0.03,0.04,0.03,0.02,0.02,0.02,0.02,0.02,0.02,0.02,0.02,
Chile; Data source; All types,10.32,9.8,10.33,9.69,8.6,9.99,11.1,12.8,11.61,9.2,9.09,11.6,11.4,11.34,9.69,11.6,11.14,,,
Chile; Data source; Beer,1.09,1.02,1.08,0.75,0.6,1.43,1.43,1.72,1.68,1.35,1.16,1.39,1.5,1.46,1.68,0.98,1.03,,,
Chile; Data source; Wine,7.81,7.41,8.09,7.4,6.9,7.58,8.86,9.79,8.62,6.74,6.92,9.18,8.89,8.82,6.96,9.44,9.15,,,
Chile; Data source; Spirits,1.42,1.37,1.16,1.54,1.1,0.98,0.81,1.29,1.31,1.11,1.01,1.03,1.01,1.06,1.05,1.18,0.96,,,
China; Data source; All types,1.33,1.23,1.21,1.34,1.18,1.05,1,0.89,0.84,0.75,0.81,0.75,0.7,0.8,0.66,0.64,0.62,0.6,0.49,
China; Data source; Beer,0.03,0.02,0.02,0.02,0.02,0.02,0.02,0.02,0.01,0.01,0.01,0.01,0.01,0.01,0.01,0.01,0.01,0.01,0.01,
China; Data source; Wine,0.01,0,0,0,0,0,0,0,0,0,0,0,0,0,0,0,0,0,0,
China; Data source; Spirits,1.29,1.2,1.19,1.32,1.16,1.03,0.99,0.87,0.83,0.74,0.8,0.74,0.69,0.79,0.65,0.63,0.61,0.59,0.48,
Colombia; Data source; All types,4.51,5,4.84,4.65,4.16,4.47,4.1,3.87,3.86,3.66,4.04,3.52,3.51,3.96,4.25,4.53,4.66,4.45,4.45,
Colombia; Data source; Beer,3.1,3.31,3.12,3.13,2.61,2.86,2.61,2.72,2.78,2.82,2.92,2.6,2.52,2.95,3.2,3.63,3.65,3.53,3.65,
Colombia; Data source; Wine,0.02,0.02,0.02,0.02,0.01,0.02,0.02,0.01,0.01,0.01,0.01,0.01,0.01,0.02,0.01,0.01,0.01,0.01,0.01,
Colombia; Data source; Spirits,1.38,1.67,1.69,1.51,1.53,1.59,1.47,1.14,1.06,0.83,1.1,0.91,0.98,0.99,1.04,0.88,1.01,0.91,0.79,
Comoros; Data source; All types,0.05,0.15,0.14,0.17,0.21,0.22,0.22,0.23,0.24,0.2,0.17,0.21,0.19,0.24,0.14,0.14,0.21,0.13,0.12,
Comoros; Data source; Beer,0.01,0.07,0.06,0.05,0.06,0.07,0.07,0.07,0.09,0.07,0.06,0.06,0.04,0.04,0.03,0.04,0.04,0.04,0.04,
Comoros; Data source; Wine,0.04,0.07,0.08,0.12,0.15,0.15,0.15,0.16,0.16,0.13,0.11,0.15,0.15,0.18,0.11,0.1,0.17,0.09,0.08,
Comoros; Data source; Spirits,0,0,0,0,0,0,0,0,0,0,0,0,0,0,0,0,0,0,0,
Congo; Data source; All types,3.59,4.1,4.03,4.32,5.02,3.39,3.39,2.98,2.75,2.76,2.99,2.88,2.85,2.54,2.6,3.08,2.94,3.53,4.41,
Congo; Data source; Beer,2.61,2.81,2.32,2.28,2.05,1.69,1.53,1.31,1.27,1.06,1.11,1.08,0.84,0.66,0.54,0.6,0.54,0.65,0.64,
Congo; Data source; Wine,0,0.01,0,0.02,0.01,0.01,0.03,0.02,0.02,0.02,0.02,0.03,0.02,0.02,0.04,0.02,0.02,0.02,0.01,
Congo; Data source; Spirits,0.17,0.17,0.22,0.22,0.23,0.24,0.15,0.16,0.12,0.16,0.05,0.11,0.1,0.1,0.12,0.15,0.19,0.22,0.43,
Congo; Data source; Other alcoholic beverages,0.82,1.11,1.49,1.8,2.73,1.44,1.68,1.49,1.34,1.52,1.81,1.65,1.88,1.76,1.91,2.32,2.2,2.63,3.33,
Costa Rica; Data source; All types,5.02,5.15,4.47,4.04,3.48,3.68,3.9,3.84,3.57,3.67,3.71,3.48,3.38,4.56,4.05,3.74,3.76,2.89,3.16,
Costa Rica; Data source; Beer,0.61,0.6,0.61,0.72,0.87,0.91,0.86,0.63,0.52,0.53,0.53,0.54,0.54,0.54,0.54,0.54,0.56,0.58,0.64,
Costa Rica; Data source; Wine,0.11,0.14,0.19,0.04,0.02,0.03,0.03,0.03,0.04,0.06,0.04,0.05,0.05,0.03,0.06,0.05,0.05,0.04,0.06,
Costa Rica; Data source; Spirits,4.3,4.41,3.67,3.28,2.58,2.74,3,3.18,2.98,3.08,3.13,2.89,2.78,3.98,3.45,3.15,3.14,2.27,2.46,
Cuba; Data source; All types,2.99,3.06,2.92,2.79,3.65,3.13,3.01,3.06,2.36,2,1.49,1.88,2.36,2.19,2.24,2.42,2.11,1.88,2.44,
Cuba; Data source; Beer,1.61,1.68,1.68,1.69,1.63,1.42,1.54,1.36,1.08,0.9,0.56,0.74,1.31,0.97,1.02,1.1,0.98,0.88,1.34,
Cuba; Data source; Wine,0.04,0.04,0.08,0.08,0.03,0.02,0.1,0.04,0.05,0.19,0.06,0.19,0.1,0.09,0.11,0.16,0.14,0.01,0.02,
Cuba; Data source; Spirits,1.34,1.34,1.17,1.03,1.99,1.68,1.35,1.66,1.22,0.92,0.86,0.94,0.94,1.12,1.12,1.13,0.98,0.99,1.07,
Cyprus; Data source; All types,5.99,5.69,5.21,4.75,4.67,4.27,5.27,5.42,5,4.76,4.75,4.75,5.18,4.83,5.5,5.22,5.14,4.44,5.15,
Cyprus; Data source; Beer,2.07,1.81,1.62,1.32,1.29,1.3,1.52,1.44,1.28,1.15,1.11,0.91,0.89,0.87,0.95,0.79,0.7,0.71,0.63,
Cyprus; Data source; Wine,1.42,1.39,1.23,1.19,1.22,1.25,1.32,1.41,1.42,1.43,1.44,1.46,1.88,1.51,2.23,2.25,2.26,1.53,2.31,
Cyprus; Data source; Spirits,2.5,2.49,2.36,2.24,2.17,1.72,2.43,2.58,2.3,2.18,2.2,2.38,2.41,2.45,2.32,2.19,2.19,2.2,2.21,
Czech Republic; Data source; All types,13.17,14.64,14.2,13.62,13.33,13.11,12.95,12.66,11.57,11.9,11.42,10.61,10.64,10.49,10.18,9.36,9.06,9.12,9,
Czech Republic; Data source; Beer,6.73,7.46,7.24,7.41,7.31,7.46,7.54,7.57,7.1,6.86,6.77,6.62,6.81,6.76,6.52,6.1,6.15,5.87,5.65,
Czech Republic; Data source; Wine,2.22,2.5,2.45,2.34,2.31,2.16,2.04,2.04,2.12,2.04,1.85,1.69,1.97,2.07,2.25,1.99,1.58,1.81,2,
Czech Republic; Data source; Spirits,4.22,4.68,4.51,3.87,3.71,3.49,3.37,3.05,2.35,3,2.8,2.3,1.86,1.66,1.41,1.27,1.33,1.44,1.35,
Democratic People's Republic of Korea; Data source; All types,2.46,2.43,2.16,2.11,2.26,2.93,2.96,2.66,2.74,2.63,2.66,2.39,2.46,2.65,2.83,2.97,2.96,2.89,2.77,
Democratic People's Republic of Korea; Data source; Beer,0.47,0.46,0.43,0.43,0.47,0.51,0.5,0.43,0.46,0.43,0.42,0.46,0.52,0.67,0.79,0.89,1,0.95,0.99,
Democratic People's Republic of Korea; Data source; Wine,0,0,0,0,0,0,0,0,0,0,0,0,0,0,0,0,0,0,0,
Democratic People's Republic of Korea; Data source; Spirits,1.99,1.97,1.73,1.67,1.79,2.42,2.46,2.23,2.28,2.2,2.24,1.93,1.93,1.98,2.04,2.08,1.96,1.94,1.78,
Democratic Republic of the Congo; Data source; All types,2.13,2.33,2.58,2.87,3.28,3.52,3.19,3.05,2.83,2.71,2.48,2.25,2.38,2.41,2.46,2.19,2.09,2.08,2.21,
Democratic Republic of the Congo; Data source; Beer,0.17,0.35,0.56,0.81,1.24,1.49,1.14,1.04,0.85,0.78,0.61,0.35,0.48,0.49,0.5,0.3,0.21,0.19,0.3,
Democratic Republic of the Congo; Data source; Wine,0,0.01,0,0.02,0.01,0.01,0.03,0.02,0.02,0.02,0.02,0.03,0.02,0.02,0.04,0.02,0.02,0.02,0.01,
Democratic Republic of the Congo; Data source; Spirits,0,0,0,0.01,0.01,0.01,0.02,0.03,0.03,0,0,0,0.02,0.03,0.05,0,0,0,0,
Democratic Republic of the Congo; Data source; Other alcoholic beverages,1.96,1.97,2.02,2.03,2.02,2.01,2,1.96,1.93,1.91,1.85,1.87,1.86,1.87,1.87,1.87,1.86,1.87,1.9,
Denmark; Data source; All types,11.41,10.91,11.43,11.84,11.47,10.68,10.89,10.1,9.4,9.58,8.86,8.06,7.89,7.67,7,7.23,6.65,6.56,6.54,
Denmark; Data source; Beer,7.65,7.48,7.46,7.65,7.59,7.25,7.37,7.03,6.6,7.07,6.67,6.16,5.98,5.81,5.15,5.51,5.18,5.05,5.03,
Denmark; Data source; Wine,1.94,1.71,1.65,1.77,1.63,1.38,1.53,1.07,0.96,0.85,0.73,0.63,0.63,0.6,0.59,0.55,0.48,0.56,0.53,
Denmark; Data source; Spirits,1.82,1.72,2.32,2.42,2.25,2.05,1.99,2,1.84,1.66,1.46,1.27,1.28,1.26,1.26,1.17,0.99,0.95,0.99,
Djibouti; Data source; All types,2.1,2.73,2.6,1.67,2.44,2.65,3.35,2.85,3.22,3.46,3.29,3.97,3.49,3.96,3.69,4.01,4.09,4.37,3.98,
Djibouti; Data source; Beer,0.45,0.93,1.12,0.93,1.38,1.24,1.72,1.14,1.59,1.79,1.54,1.62,1.46,1.56,1.51,1.46,1.74,1.47,1.59,
Djibouti; Data source; Wine,0.58,0.51,0.76,0.75,1.06,1.41,1.64,1.71,1.63,1.67,1.75,2.34,2.04,2.4,2.18,2.55,2.34,2.9,2.39,
Djibouti; Data source; Spirits,1.01,1.29,0.72,0,0,0,0,0,0,0,0,0,0,0,0,0,0,0,0,
Dominican Republic; Data source; All types,3.75,3.46,3.7,3.32,3,2.91,2.51,2.48,2.34,2.25,2.04,1.89,1.82,2.01,1.87,2.23,2.28,2.07,1.18,
Dominican Republic; Data source; Beer,1.43,1.18,1,0.76,0.74,0.83,0.85,0.89,0.79,0.7,0.63,0.52,0.38,0.44,0.45,0.71,0.71,0.57,0.22,
Dominican Republic; Data source; Wine,0.04,0.04,0.05,0.02,0.03,0.03,0.02,0.02,0.02,0.01,0.01,0.02,0.01,0.01,0.01,0.02,0.02,0.01,0,
Dominican Republic; Data source; Spirits,2.28,2.24,2.64,2.53,2.22,2.05,1.64,1.56,1.52,1.53,1.4,1.34,1.43,1.54,1.4,1.5,1.55,1.48,0.95,
Ecuador; Data source; All types,3.56,3.72,3.11,3.22,2.76,2.32,1.99,1.82,1.53,1.5,1.69,1.59,1.45,1.52,1.44,1.42,1.26,1.28,1.25,
Ecuador; Data source; Beer,2.05,2.07,1.64,1.54,1.23,1.1,1.05,0.94,0.83,0.88,0.82,0.72,0.66,0.68,0.67,0.68,0.58,0.65,0.68,
Ecuador; Data source; Wine,0.06,0.05,0.04,0.03,0.03,0.03,0.02,0.02,0.01,0.01,0.01,0.01,0.01,0.01,0.01,0.02,0.01,0.01,0.02,
Ecuador; Data source; Spirits,1.45,1.61,1.42,1.65,1.5,1.19,0.92,0.86,0.69,0.62,0.86,0.85,0.78,0.82,0.75,0.73,0.67,0.62,0.55,
Egypt; Data source; All types,0.29,0.3,0.24,0.19,0.11,0.17,0.19,0.18,0.27,0.35,0.44,0.43,0.47,0.51,0.53,0.54,0.54,0.57,0.57,
Egypt; Data source; Beer,0.06,0.08,0.07,0.06,0.05,0.05,0.06,0.05,0.05,0.05,0.04,0.04,0.05,0.05,0.05,0.05,0.05,0.05,0.04,
Egypt; Data source; Wine,0.01,0.01,0,0,0,0,0,0,0.01,0,0.01,0.02,0.02,0.02,0.01,0.01,0.01,0.02,0.02,
Egypt; Data source; Spirits,0.22,0.22,0.17,0.13,0.05,0.12,0.13,0.13,0.22,0.3,0.38,0.36,0.41,0.44,0.47,0.48,0.49,0.5,0.51,
El Salvador; Data source; All types,2.98,3.01,3.06,2.76,2.55,2.23,1.62,1.54,1.53,1.62,1.49,1.56,1.53,1.52,1.72,1.59,1.5,1.52,1.51,
El Salvador; Data source; Beer,0.85,0.87,0.86,0.85,0.78,0.68,0.5,0.5,0.46,0.46,0.37,0.34,0.34,0.35,0.37,0.37,0.41,0.43,0.43,
El Salvador; Data source; Wine,0.03,0.03,0.02,0.03,0.02,0.02,0.02,0.01,0.01,0.01,0.02,0.02,0.01,0.03,0.01,0.01,0.01,0.01,0.01,
El Salvador; Data source; Spirits,2.09,2.1,2.17,1.88,1.75,1.52,1.1,1.02,1.06,1.15,1.09,1.2,1.18,1.13,1.32,1.2,1.07,1.08,1.06,
Eritrea; Data source; All types,0.63,0.51,0.55,0.58,,0.57,0.55,0.57,0.59,0.68,0.61,0.72,0.74,0.75,0.77,0.79,0.81,0.83,0.86,
Eritrea; Data source; Beer,0.63,0.51,0.55,0.58,,0.57,0.55,0.57,0.59,0.68,0.61,0.72,0.74,0.75,0.77,0.79,0.81,0.83,0.86,
Eritrea; Data source; Wine,0,0,0,0,,0,0,0,0,0,0,0,0,0,0,0,0,0,0,
Eritrea; Data source; Spirits,0,0,0,0,,0,0,0,0,0,0,0,0,0,0,0,0,0,0,
Ethiopia; Data source; All types,0.84,0.61,0.79,0.48,0.58,0.7,0.7,0.78,0.84,0.83,0.82,0.81,0.84,0.88,0.89,0.84,0.85,0.86,0.86,
Ethiopia; Data source; Beer,0.84,0.61,0.79,0.48,0.58,0.7,0.7,0.78,0.84,0.83,0.82,0.81,0.84,0.88,0.89,0.84,0.85,0.86,0.86,
Ethiopia; Data source; Wine,0,0,0,0,0,0,0,0,0,0,0,0,0,0,0,0,0,0,0,
Ethiopia; Data source; Spirits,0,0,0,0,0,0,0,0,0,0,0,0,0,0,0,0,0,0,0,
Fiji; Data source; All types,3.11,2.98,3.17,3.05,3,3.15,3.08,2.62,2.33,2,1.83,1.61,1.26,1.42,1.67,1.56,1.21,1.1,1.24,
Fiji; Data source; Beer,2.14,1.99,2.05,2.07,2.07,2.04,1.72,1.55,1.37,1.22,1.01,0.88,0.75,0.76,0.74,0.72,0.57,0.59,0.69,
Fiji; Data source; Wine,0.11,0.09,0.11,0.09,0.08,0.11,0.16,0.1,0.09,0.08,0.05,0.06,0.04,0.03,0.04,0.04,0.03,0.02,0.02,
Fiji; Data source; Spirits,0.87,0.89,1.02,0.9,0.84,1,1.19,0.97,0.86,0.7,0.76,0.67,0.47,0.63,0.89,0.8,0.61,0.48,0.53,
Finland; Data source; All types,7.84,7.89,8.15,8.09,8,8.42,7.38,6.8,6.39,5.84,5.72,3.93,3.63,3.46,3.28,3.1,3.07,3.02,2.91,
Finland; Data source; Beer,3.21,3.15,3.18,3.12,3.11,3.24,3.09,3.04,2.78,2.69,2.86,1.28,1.01,0.88,0.78,0.69,0.64,0.61,0.57,
Finland; Data source; Wine,0.91,0.92,0.88,0.92,0.99,1.16,0.92,0.76,0.76,0.7,0.65,0.65,0.62,0.58,0.53,0.49,0.42,0.37,0.32,
Finland; Data source; Spirits,1.73,1.77,1.9,1.87,1.81,1.87,1.56,1.39,1.32,1.14,1.03,0.93,0.93,0.93,0.91,0.89,0.93,0.95,0.94,
Finland; Data source; Other alcoholic beverages,1.99,2.05,2.19,2.17,2.09,2.15,1.81,1.61,1.53,1.31,1.18,1.07,1.07,1.07,1.06,1.03,1.08,1.09,1.08,
France; Data source; All types,19.4,19.88,20.74,20.84,21.12,21.15,21.4,21.2,21.44,21.77,22.15,22.48,23.05,23.32,23.37,23.96,24.63,24.6,26.04,
France; Data source; Beer,2.94,2.94,3.01,3.19,2.95,2.91,2.94,2.67,2.78,2.75,2.71,2.67,2.73,2.71,2.63,2.76,2.47,1.82,2.53,
France; Data source; Wine,13.19,13.75,14.64,14.59,14.99,15.09,15.34,15.58,15.77,15.96,16.48,16.94,16.97,17.23,17.39,17.91,18.94,19.71,20.56,
France; Data source; Spirits,3.27,3.19,3.09,3.06,3.18,3.15,3.12,2.95,2.89,3.06,2.96,2.87,3.35,3.38,3.35,3.29,3.22,3.07,2.95,
Gabon; Data source; All types,11.48,12.7,13.76,14.57,10.61,7.33,6.25,6.39,6.17,5.96,5.86,5.73,6.85,6.13,6.17,6.77,5.31,6.02,5.52,
Gabon; Data source; Beer,5.82,5.84,5.34,4.52,4.19,3.13,2.47,2.23,2.02,1.65,1.15,0.85,1.81,1.63,1.81,2.69,1.47,1.71,1.75,
Gabon; Data source; Wine,4.49,5.35,6.9,8.56,5.05,3.28,3.2,3.61,3.64,3.85,4.34,4.5,4.74,4.16,3.99,3.74,3.53,4.05,3.51,
Gabon; Data source; Spirits,1.17,1.5,1.52,1.49,1.37,0.92,0.58,0.54,0.5,0.45,0.37,0.39,0.3,0.34,0.37,0.34,0.31,0.27,0.26,
Gambia; Data source; All types,1.32,1.15,1.07,1.11,1.39,2.31,2.45,2.47,2.53,2.28,2.54,2.49,2.37,2.58,2.81,2.91,3.04,3.08,3.18,
Gambia; Data source; Beer,0.05,0.04,0.03,0.04,0.05,0.08,0.09,0.09,0.1,0.09,0.1,0.09,0.09,0.1,0.11,0.11,0.11,0.12,0.12,
Gambia; Data source; Wine,0.1,0.12,0.14,0.1,0.15,0.14,0.14,0.11,0.12,0.11,0.12,0.14,0.16,0.1,0.12,0.13,0.16,0.14,0.17,
Gambia; Data source; Spirits,0.07,0.07,0.07,0.08,0.04,0.05,0.05,0.05,0.02,0.02,0.03,0.02,0.02,0.03,0.03,0.03,0.03,0.04,0.04,
Gambia; Data source; Other alcoholic beverages,1.1,0.92,0.83,0.9,1.15,2.04,2.16,2.22,2.3,2.06,2.29,2.24,2.09,2.36,2.55,2.64,2.73,2.78,2.85,
Germany; Data source; All types,16.67,16.27,16.44,17.23,16.84,15.92,16.74,16.25,16.54,15.53,14.98,14.04,13.51,13.59,14,13.71,12.85,12.05,11.03,
Germany; Data source; Beer,8.93,9.02,9.29,9.51,9.42,9.45,9.49,9.43,9.38,9.14,8.99,8.34,8.21,8.14,7.88,7.85,7.26,6.86,6.47,
Germany; Data source; Wine,3.59,3.54,3.51,3.57,3.55,3.07,3.34,3.02,2.85,2.49,2.43,2.37,2.42,2.41,2.6,2.77,2.36,2.15,1.86,
Germany; Data source; Spirits,4.15,3.72,3.65,4.16,3.87,3.4,3.91,3.8,4.31,3.9,3.55,3.34,2.88,3.04,3.52,3.08,3.22,3.04,2.7,
Ghana; Data source; All types,1.86,1.57,1.99,2.34,1.93,2.36,2.14,2.07,2.18,1.86,1.35,1.27,1.44,1.66,1.39,1.53,1.48,1.47,1.46,
Ghana; Data source; Beer,0.37,0.32,0.41,0.47,0.39,0.48,0.44,0.43,0.45,0.39,0.28,0.26,0.3,0.34,0.29,0.32,0.3,0.3,0.3,
Ghana; Data source; Wine,0.01,0.01,0.01,0.01,0.01,0.01,0,0,0,0.01,0,0,0,0,0.01,0.01,0.01,0.01,0.02,
Ghana; Data source; Spirits,0.07,0.04,0.03,0.07,0.05,0.05,0.04,0.01,0.03,0.01,0.01,0.01,0.01,0.02,0.02,0,0.02,0.01,0.01,
Ghana; Data source; Other alcoholic beverages,1.41,1.2,1.54,1.79,1.48,1.82,1.66,1.63,1.7,1.45,1.06,1,1.13,1.3,1.07,1.2,1.15,1.15,1.13,
Greece; Data source; All types,11.59,11.39,10.92,11.01,10.88,10.88,10.67,10.43,10.39,10.33,10.18,10.15,10.09,10.1,9.99,9.82,9.67,,,
Greece; Data source; Beer,1.99,1.7,1.38,1.9,1.27,2.11,2.55,2.54,0.98,2.48,2.46,2.4,2.4,2.45,2.45,2.26,2.33,,,
Greece; Data source; Wine,6.16,5.79,6.02,4.99,5.69,5.21,4.71,4.5,5.74,4.49,4.39,4.12,4.56,4.13,4.24,4.41,4.47,,,
Greece; Data source; Spirits,3.44,3.9,3.52,4.12,3.92,3.56,3.41,3.39,3.67,3.36,3.33,3.63,3.13,3.52,3.3,3.15,2.87,,,
Guatemala; Data source; All types,2.45,2.47,2.54,3.06,2.94,2.99,3,2.29,2.1,1.85,1.9,1.9,1.97,2.2,2.26,2.28,2.28,2.24,2.36,
Guatemala; Data source; Beer,0.88,0.9,0.78,0.77,0.73,0.68,0.61,0.53,0.51,0.47,0.45,0.42,0.42,0.43,0.42,0.38,0.35,0.31,0.33,
Guatemala; Data source; Wine,0,0,0,0,0,0,0,0,0,0,0,0,0,0,0,0,0,0,0,
Guatemala; Data source; Spirits,1.57,1.58,1.76,2.29,2.21,2.31,2.38,1.76,1.59,1.38,1.45,1.48,1.55,1.77,1.84,1.89,1.93,1.93,2.03,
Guinea; Data source; All types,0.08,0.12,0.14,0.13,0.12,0.11,0.14,0.14,0.14,0.14,0.14,0.15,0.15,0.16,0.17,0.18,0.19,0.22,0.24,
Guinea; Data source; Beer,0.07,0.12,0.14,0.13,0.12,0.11,0.14,0.14,0.14,0.14,0.14,0.15,0.15,0.15,0.15,0.16,0.16,0.16,0.16,
Guinea; Data source; Wine,0.01,0,0,0,0,0,0,0,0,0,0,0,0.01,0.01,0.01,0.02,0.03,0.06,0.07,
Guinea; Data source; Spirits,0,0,0,0,0,0,0,0,0,0,0,0,0,0,0,0,0,0,0,
Guinea-Bissau; Data source; All types,2.63,2.32,3.22,2.86,3.16,3.46,4.07,3.11,3.23,3.08,3.17,3.38,3.2,3.49,3.07,3.01,2.81,2.32,2.13,
Guinea-Bissau; Data source; Beer,0.41,0.25,0.53,0.34,0.47,0.48,0.33,0.37,0.36,0.3,0.31,0.18,0.18,0.13,0,0,0,0,0,
Guinea-Bissau; Data source; Wine,0.17,0.09,0.6,0.69,0.98,1.22,1.46,1.25,1.3,1.2,1.29,1.48,1.23,1.61,1.54,1.56,1.43,0.99,0.86,
Guinea-Bissau; Data source; Spirits,0.89,0.93,1.02,1.04,1.02,1.15,1.61,0.99,1.12,1.04,1.03,1.07,1.05,1,0.94,0.89,0.83,0.78,0.72,
Guinea-Bissau; Data source; Other alcoholic beverages,1.16,1.04,1.06,0.79,0.68,0.62,0.67,0.5,0.45,0.55,0.55,0.65,0.74,0.74,0.59,0.56,0.56,0.56,0.56,
Guyana; Data source; All types,4.14,4.45,4.07,4.48,3.55,3.58,3.14,3.03,3.53,2.83,2.62,2.8,3.43,2.9,3.06,2.77,2.72,3.12,3.24,
Guyana; Data source; Beer,1.63,1.71,1.93,1.73,1.24,1.07,1.08,0.94,0.86,0.85,0.94,0.79,0.97,0.88,0.76,0.62,0.55,0.63,0.72,
Guyana; Data source; Wine,0,0,0,0,0,0,0,0,0,0,0,0,0,0,0,0,0,0,0,
Guyana; Data source; Spirits,2.52,2.74,2.14,2.75,2.3,2.5,2.05,2.08,2.61,1.94,1.62,1.96,2.41,1.97,2.25,2.1,2.14,2.45,2.47,
Guyana; Data source; Other alcoholic beverages,0,0,0,0,0,0,0.01,0.01,0.01,0.01,0.01,0.01,0.01,0.01,0.01,0.01,0.01,0.02,0.03,
Haiti; Data source; All types,6.35,6.25,6.25,6.36,6.34,6.32,6.31,6.15,6.12,6.09,5.92,5.75,5.5,6.27,6.52,6.32,7.61,7.58,7.62,
Haiti; Data source; Beer,0,0,0,0.01,0.01,0.01,0.01,0.01,0.01,0.01,0,0,0,0,0,0,0.01,0.01,0.01,
Haiti; Data source; Wine,0.01,0.01,0.01,0.01,0.01,0.01,0.01,0.01,0.01,0,0,0,0,0,0.01,0.01,0.01,0.01,0.01,
Haiti; Data source; Spirits,6.34,6.24,6.23,6.34,6.33,6.3,6.29,6.14,6.1,6.08,5.91,5.75,5.49,6.26,6.5,6.31,7.6,7.56,7.6,
Honduras; Data source; All types,2.93,2.71,2.59,2.22,2.3,2.33,2.21,2.1,2.09,2.04,1.79,1.81,1.66,1.72,1.66,1.46,1.29,1.32,1.29,
Honduras; Data source; Beer,1.11,0.97,0.88,0.69,0.93,0.94,0.99,0.97,0.92,0.86,0.78,0.71,0.67,0.69,0.72,0.69,0.58,0.63,0.6,
Honduras; Data source; Wine,0.03,0.02,0.02,0.01,0.01,0.01,0.01,0.01,0.01,0.05,0.03,0.03,0.02,0.03,0.02,0.01,0.01,0.01,0.01,
Honduras; Data source; Spirits,1.8,1.72,1.69,1.52,1.36,1.38,1.21,1.13,1.17,1.12,0.98,1.06,0.97,1,0.91,0.74,0.69,0.68,0.68,
Hungary; Data source; All types,15.59,16.06,15.67,14.72,13.79,12.86,12.82,12.73,12.79,12.4,11.77,10.64,10.42,9.58,9.53,10.21,9.14,9.26,9.02,
Hungary; Data source; Beer,5.5,5.47,5.1,4.81,4.54,4.19,3.86,3.6,3.79,3.75,3.44,3.27,3.2,3,2.88,2.78,2.71,2.61,2.59,
Hungary; Data source; Wine,4.78,4.73,4.73,4.89,4.72,4.77,5.31,5.3,5.33,5.24,5.37,4.88,4.83,4.32,4.7,4.94,4.25,4.59,4.3,
Hungary; Data source; Spirits,5.31,5.86,5.84,5.02,4.53,3.9,3.65,3.83,3.67,3.41,2.96,2.49,2.39,2.26,1.95,2.49,2.18,2.06,2.13,
Iceland; Data source; All types,5.12,4.8,5.09,4.76,4.75,5.3,5.19,5.04,4.88,4.57,3.91,3.87,4.42,4.2,3.79,3.64,3.55,3.41,3.04,
Iceland; Data source; Beer,1.01,1,1.01,0.93,0.85,1.07,1.15,1.07,1.03,0.98,0.79,0.82,0.94,0.78,0.76,0.74,0.7,0.69,0.62,
Iceland; Data source; Wine,0.85,0.66,0.62,0.55,0.47,0.41,0.37,0.34,0.31,0.29,0.26,0.26,0.27,0.25,0.23,0.22,0.2,0.19,0.17,
Iceland; Data source; Spirits,3.26,3.14,3.46,3.28,3.43,3.82,3.67,3.63,3.54,3.3,2.86,2.79,3.21,3.17,2.8,2.68,2.65,2.53,2.25,
Iceland; Data source; Other alcoholic beverages,0.01,0.01,0.01,0.01,0,0.01,0.01,0,0,0,0,0,0,0,0,0,0,0,0,
India; Data source; All types,1.08,1.11,1.05,1.05,0.98,1.02,0.98,0.93,0.93,0.83,0.85,0.81,0.69,0.67,0.6,0.67,0.6,0.71,0.71,
India; Data source; Beer,0.02,0.01,0.01,0.01,0.01,0.01,0.01,0.01,0.01,0,0,0,0,0,0,0,0,0,0,
India; Data source; Wine,0,0,0,0,0,0,0,0,0,0,0,0,0,0,0,0,0,0,0,
India; Data source; Spirits,1.06,1.1,1.04,1.04,0.97,1.01,0.97,0.92,0.92,0.83,0.85,0.81,0.69,0.67,0.6,0.67,0.6,0.71,0.71,
India; Data source; Other alcoholic beverages,0,0,0,0,0,0,0,0,0,0,0,0,0,0,0,0,0,0,0,
Indonesia; Data source; All types,0.07,0.07,0.07,0.06,0.08,0.09,0.08,0.07,0.06,0.06,0.04,0.03,0.03,0.03,0.03,0.03,0.03,0.03,0.03,
Indonesia; Data source; Beer,0.03,0.03,0.03,0.03,0.03,0.03,0.03,0.02,0.02,0.01,0.01,0.01,0.01,0,0,0,0,0,0,
Indonesia; Data source; Wine,0,0,0,0,0,0,0,0,0,0,0,0,0,0,0,0,0,0,0,
Indonesia; Data source; Spirits,0.04,0.03,0.04,0.03,0.05,0.05,0.05,0.05,0.05,0.05,0.03,0.02,0.03,0.03,0.03,0.03,0.03,0.03,0.02,
Iran (Islamic Republic of); Data source; All types,0.05,0.25,0.41,0.48,0.5,0.53,0.56,0.45,0.35,0.3,0.36,0.33,0.19,0.18,0.17,0.14,0.14,0.14,0.14,
Iran (Islamic Republic of); Data source; Beer,0.02,0.14,0.15,0.13,0.12,0.12,0.12,0.1,0.09,0.09,0.09,0.08,0.03,0.05,0.04,0.02,0.02,0.03,0.03,
Iran (Islamic Republic of); Data source; Wine,0,0,0,0,0,0,0,0,0,0,0,0,0,0,0,0,0,0,0,
Iran (Islamic Republic of); Data source; Spirits,0.03,0.12,0.26,0.35,0.38,0.41,0.44,0.35,0.26,0.21,0.26,0.25,0.15,0.12,0.13,0.12,0.12,0.11,0.11,
Iraq; Data source; All types,0.73,0.69,0.62,0.64,0.64,0.54,0.48,0.43,0.4,0.38,0.42,0.43,0.39,0.43,0.42,0.43,0.45,0.48,0.52,
Iraq; Data source; Beer,0.29,0.23,0.15,0.15,0.16,0.1,0.1,0.09,0.08,0.07,0.06,0.06,0.06,0.06,0.05,0.04,0.04,0.04,0.05,
Iraq; Data source; Wine,0.01,0,0,0,0,0,0,0,0,0,0,0,0,0,0,0,0,0,0,
Iraq; Data source; Spirits,0.44,0.45,0.47,0.49,0.47,0.44,0.37,0.34,0.32,0.31,0.36,0.37,0.33,0.37,0.37,0.39,0.41,0.43,0.46,
Ireland; Data source; All types,13.83,13.86,13.56,13.55,13.84,13.67,13.11,12,11.13,10.58,9.17,8.77,8.02,7.87,7.7,7.67,7.39,,,
Ireland; Data source; Beer,8.88,8.8,8.7,8.94,9.35,9.44,9.15,8.34,7.84,7.3,6.79,6.56,6,5.95,5.74,5.82,5.6,,,
Ireland; Data source; Wine,0.82,0.83,0.87,0.85,0.73,0.68,0.61,0.56,0.56,0.57,0.51,0.49,0.47,0.45,0.42,0.4,0.38,,,
Ireland; Data source; Spirits,3.24,3.31,3.13,2.95,2.95,2.77,2.63,2.44,2.14,2.12,1.87,1.72,1.54,1.47,1.54,1.45,1.41,,,
Ireland; Data source; Other alcoholic beverages,0.89,0.91,0.86,0.81,0.81,0.77,0.73,0.67,0.59,0.59,0,0,0,0,0,0,0,,,
Israel; Data source; All types,3.05,3.52,3.92,5,5.09,4.74,4.86,4.91,4.66,4.56,4.89,4.51,4.48,4.38,4.86,5.05,4.12,4.8,4.39,
Israel; Data source; Beer,1.07,1.12,1.05,1.16,1.12,1.09,1.12,1.07,1.13,1.13,1.07,1.02,0.88,1.07,1.07,1.04,1.07,1.04,1.01,
Israel; Data source; Wine,0.69,0.68,0.72,1.54,1.49,1.62,1.72,1.94,1.45,1.42,1.8,1.69,1.92,1.7,1.96,2.26,1.44,2.03,1.71,
Israel; Data source; Spirits,1.11,1.53,1.98,2.04,2.24,1.79,1.77,1.67,1.84,1.76,1.81,1.6,1.49,1.41,1.63,1.54,1.39,1.5,1.43,
Israel; Data source; Other alcoholic beverages,0.18,0.19,0.17,0.26,0.24,0.24,0.25,0.23,0.24,0.25,0.21,0.2,0.19,0.2,0.2,0.21,0.22,0.23,0.24,
Italy; Data source; All types,16.49,16.53,16.99,17.6,18.32,19.65,19.89,19.49,19.56,19.72,19.73,19.71,19.01,18.73,18.42,17.75,18.18,19.44,19.24,
Italy; Data source; Beer,1.09,0.97,0.91,0.93,0.84,0.98,1.04,0.8,0.73,0.75,0.73,0.71,0.69,0.65,0.57,0.55,0.54,0.49,0.4,
Italy; Data source; Wine,12.81,13.03,13.46,14.18,15.1,15.89,15.93,16.18,16.44,16.58,16.75,16.89,16.2,16.1,16,15.09,15.66,17.23,17.24,
Italy; Data source; Spirits,2.59,2.47,2.62,2.5,2.38,2.78,2.92,2.52,2.39,2.39,2.25,2.12,2.12,1.98,1.85,2.11,1.98,1.72,1.59,
Jamaica; Data source; All types,4.29,4.56,4.24,4.76,4.84,4.28,4.3,4.14,3.72,3.75,3.39,2.98,3.05,2.35,2.07,2.39,2.14,2.39,2.02,
Jamaica; Data source; Beer,1.84,2.27,2.12,2.39,2.7,2.41,2.55,2.46,2.12,2.14,1.95,1.62,1.47,1.4,1.26,1.08,0.91,1.03,0.9,
Jamaica; Data source; Wine,0,0,0,0,0.02,0.05,0.16,0.09,0.13,0.08,0.06,0.06,0.06,0.05,0.05,0.05,0.04,0.05,0.04,
Jamaica; Data source; Spirits,2.45,2.28,2.12,2.37,2.12,1.8,1.57,1.59,1.46,1.53,1.37,1.29,1.52,0.9,0.76,1.25,1.19,1.31,1.07,
Japan; Data source; All types,6.02,5.73,5.69,5.23,5.28,5.18,5.2,4.96,4.65,4.51,4.25,4.34,4.35,4.07,3.87,4.16,4.11,4.02,4.03,
Japan; Data source; Beer,2.39,2.28,2.24,1.96,2.08,1.96,2.1,1.94,1.75,1.72,1.62,1.45,1.49,1.31,1.23,1.27,1.13,0.99,0.99,
Japan; Data source; Wine,0.12,0.12,0.1,0.09,0.07,0.1,0.06,0.04,0.03,0.03,0.03,0.04,0.04,0.02,0.02,0.01,0.03,0.03,0.02,
Japan; Data source; Spirits,2.52,2.28,2.22,2.1,1.93,1.84,1.74,1.73,1.62,1.56,1.49,1.63,1.61,1.64,1.51,1.79,1.91,2.05,2.08,
Japan; Data source; Other alcoholic beverages,1.01,1.05,1.13,1.09,1.2,1.28,1.3,1.25,1.24,1.19,1.12,1.22,1.22,1.11,1.12,1.09,1.05,0.94,0.94,
Jordan; Data source; All types,0.59,0.49,0.38,0.33,0.22,0.18,0.17,0.15,0.12,0.14,0.18,0.22,0.16,0.18,0.14,0.13,0.15,0.14,0.14,
Jordan; Data source; Beer,0.3,0.25,0.2,0.15,0.14,0.11,0.1,0.08,0.07,0.08,0.08,0.08,0.07,0.09,0.07,0.07,0.07,0.06,0.06,
Jordan; Data source; Wine,0.02,0.01,0.01,0.01,0,0,0,0,0,0,0,0,0,0,0,0,0,0.01,0,
Jordan; Data source; Spirits,0.27,0.22,0.18,0.17,0.08,0.06,0.06,0.07,0.05,0.06,0.09,0.13,0.09,0.09,0.07,0.06,0.08,0.07,0.07,
Kenya; Data source; All types,3.95,4.29,4.35,4.3,4.28,4.39,4.38,3.98,4.11,4.13,3.77,3.81,3.98,3.92,3.25,3.45,3.42,3.4,3.36,
Kenya; Data source; Beer,1.92,2.17,2.22,2.18,2.18,2.27,2.34,2.22,2.2,2.21,2.03,2.22,2.4,2.36,2.04,2.15,2.12,2.14,2.1,
Kenya; Data source; Wine,0.03,0.03,0.02,0.02,0.02,0.02,0.02,0.02,0.02,0.01,0.01,0.02,0.01,0.05,0.02,0.02,0.03,0.02,0.02,
Kenya; Data source; Spirits,1.2,1.21,1.2,1.21,1.19,1.17,1.06,0.84,0.98,1,0.9,0.67,0.59,0.55,0.36,0.4,0.4,0.37,0.38,
Kenya; Data source; Other alcoholic beverages,0.79,0.88,0.91,0.89,0.89,0.93,0.95,0.9,0.9,0.9,0.83,0.9,0.98,0.96,0.83,0.88,0.87,0.87,0.86,
Kiribati; Data source; All types,1.32,1.13,1.17,1.08,1.06,1.89,1.11,1.23,0.96,0.94,0.65,0.87,0.77,0.67,0.55,0.57,0.48,0.39,0.38,
Kiribati; Data source; Beer,1,0.88,0.8,0.78,0.79,1.58,0.7,0.95,0.7,0.66,0.57,0.56,0.56,0.59,0.38,0.38,0.29,0.19,0.23,
Kiribati; Data source; Wine,0.04,0.03,0.03,0.04,0.04,0.04,0.06,0.06,0.06,0.04,0.03,0.04,0.02,0.01,0.07,0.03,0.02,0.02,0.02,
Kiribati; Data source; Spirits,0.28,0.22,0.34,0.26,0.23,0.27,0.35,0.23,0.2,0.25,0.06,0.27,0.19,0.07,0.1,0.17,0.17,0.17,0.13,
Kuwait; Data source; All types,0,0,0,0,0,0,0,0.1,0.12,0.11,0.12,0.09,0.09,0.09,0.06,0.02,0.02,0.02,0.02,
Kuwait; Data source; Beer,0,0,0,0,0,0,0,0,0,0,0,0,0,0,0,0,0,0,0,
Kuwait; Data source; Wine,0,0,0,0,0,0,0,0,0,0,0,0,0,0,0,0,0,0,0,
Kuwait; Data source; Spirits,0,0,0,0,0,0,0,0.09,0.11,0.11,0.12,0.09,0.09,0.09,0.06,0.02,0.02,0.02,0.02,
Lao People's Democratic Republic; Data source; All types,3.5,3.54,3.85,4.17,4.19,4.43,4.18,3.98,3.91,4.14,3.91,3.96,4,3.54,3.3,2.99,2.9,2.82,3.03,
Lao People's Democratic Republic; Data source; Beer,0,0,0,0,0,0,0.04,0.05,0.03,0.13,0.11,0.06,0.04,0.04,0.05,0.04,0.05,0.09,0.08,
Lao People's Democratic Republic; Data source; Wine,0,0,0,0,0.01,0.02,0.02,0.01,0.02,0.02,0.02,0.01,0.01,0.01,0.01,0.01,0.02,0.03,0.02,
Lao People's Democratic Republic; Data source; Spirits,3.5,3.54,3.85,4.17,4.18,4.41,4.13,3.92,3.86,3.99,3.78,3.89,3.95,3.49,3.24,2.94,2.83,2.71,2.93,
Lebanon; Data source; All types,3.07,3.01,2.87,2.99,2.95,3.02,3.1,3.09,3.34,2.99,3.08,2.71,3.05,2.88,3.52,3.88,3.34,3.52,4.03,
Lebanon; Data source; Beer,0.43,0.41,0.37,0.41,0.37,0.39,0.35,0.33,0.33,0.32,0.31,0.3,0.3,0.29,0.28,0.29,0.3,0.31,0.31,
Lebanon; Data source; Wine,0.39,0.38,0.39,0.39,0.39,0.4,0.4,0.37,0.38,0.39,0.4,0.41,0.42,0.44,0.44,0.46,0.47,0.48,0.48,
Lebanon; Data source; Spirits,2.24,2.22,2.11,2.19,2.18,2.23,2.34,2.38,2.62,2.27,2.36,1.98,2.32,2.13,2.78,3.12,2.57,2.71,3.22,
Lesotho; Data source; All types,3.22,3.78,2.52,1.38,1.68,2.85,1.55,,2.16,1.93,1.71,1.9,1.94,2.19,2.19,2.31,2.12,2.13,2.16,
Lesotho; Data source; Beer,1.34,1.56,1,0.5,0.63,1.28,0.7,,0.97,0.87,0.77,0.86,0.87,0.99,0.99,1.04,0.95,0.96,0.97,
Lesotho; Data source; Wine,0.07,0.03,0.03,0.04,0.03,0,0,,0,0,0,0,0,0,0,0,0,0,0,
Lesotho; Data source; Spirits,0.18,0.28,0.27,0.24,0.25,0,0,,0,0,0,0,0,0,0,0,0,0,0,
Lesotho; Data source; Other alcoholic beverages,1.63,1.91,1.22,0.61,0.77,1.57,0.85,,1.19,1.06,0.94,1.05,1.07,1.2,1.2,1.27,1.17,1.17,1.19,
Liberia; Data source; All types,3.89,3.85,3.8,3.67,3.72,3.42,2.95,2.76,2.75,2.45,2.17,2.01,1.91,1.89,1.53,1.71,1.63,1.86,1.61,
Liberia; Data source; Beer,0.84,0.73,0.7,0.6,0.63,0.59,0.44,0.42,0.44,0.35,0.36,0.37,0.42,0.53,0.37,0.21,0.38,0.55,0.35,
Liberia; Data source; Wine,0.04,0.06,0.07,0.06,0.05,0.11,0.08,0.08,0.13,0.08,0.05,0.05,0.05,0.08,0.03,0.08,0.01,0.07,0.02,
Liberia; Data source; Spirits,3.01,3.05,3.03,3.01,3.04,2.73,2.43,2.25,2.17,2.02,1.76,1.6,1.43,1.28,1.13,1.42,1.24,1.23,1.25,
Libya; Data source; All types,0,0,0,0,0,0,0,0,0.03,0.04,0.86,0.96,0.88,0.86,0.67,0.8,0.78,0.89,0.74,
Libya; Data source; Beer,0,0,0,0,0,0,0,0,0.03,0.04,0.36,0.44,0.34,0.32,0.24,0.26,0.24,0.24,0.22,
Libya; Data source; Wine,0,0,0,0,0,0,0,0,0,0,0.37,0.39,0.4,0.4,0.32,0.44,0.43,0.55,0.52,
Libya; Data source; Spirits,0,0,0,0,0,0,0,0,0,0,0.12,0.13,0.13,0.14,0.12,0.1,0.1,0.1,0,
Luxembourg; Data source; All types,18.03,18.08,18.59,19.03,18.98,18.54,19.07,18.73,18.99,18.65,18.56,18.26,18.28,18.46,18.69,18.84,18.74,18.33,18.54,
Luxembourg; Data source; Beer,5.93,5.98,6.15,6.35,6.18,6.18,6.22,6.05,6.08,5.95,5.85,5.5,5.47,5.43,5.25,5.31,4.86,4.34,4.5,
Luxembourg; Data source; Wine,8.39,8.64,9.07,9.08,9.27,9.08,9.34,9.3,9.31,9.22,9.46,9.65,9.69,9.82,10,10.34,10.65,10.93,11.21,
Luxembourg; Data source; Spirits,3.71,3.45,3.37,3.61,3.53,3.27,3.51,3.38,3.6,3.48,3.26,3.1,3.11,3.21,3.44,3.19,3.22,3.06,2.83,
Madagascar; Data source; All types,1.58,1.85,1.72,1.77,1.78,1.64,1.86,1.74,1.92,1.88,1.95,2.04,1.95,2.13,2.38,3.06,3.37,3.12,3.16,
Madagascar; Data source; Beer,0.26,0.24,0.27,0.26,0.22,0.19,0.16,0.14,0.15,0.14,0.15,0.14,0.13,0.12,0.12,0.09,0.1,0.09,0.08,
Madagascar; Data source; Wine,0.19,0.32,0.33,0.27,0.36,0.21,0.43,0.38,0.55,0.52,0.58,0.69,0.57,0.58,0.69,0.74,0.77,0.89,0.96,
Madagascar; Data source; Spirits,1.12,1.28,1.12,1.25,1.21,1.24,1.27,1.22,1.22,1.22,1.23,1.21,1.26,1.43,1.57,2.23,2.5,2.14,2.12,
Malawi; Data source; All types,1.61,1.63,3.79,3.49,3.56,3.33,3.22,3.13,2.72,2.41,2.58,2.33,2.17,2.07,1.96,1.89,1.72,1.6,0.05,
Malawi; Data source; Beer,0.12,0.16,0.11,0.13,0.13,0.13,0.14,0.14,0.13,0.11,0.15,0.11,0.07,0.06,0.06,0.04,0.04,0.04,1.6,
Malawi; Data source; Wine,0.01,0.01,0,0.01,0.01,0.01,0.01,0.01,0.01,0.01,0.01,0.01,0.01,0.01,0,0,0,0,0,
Malawi; Data source; Spirits,0.25,0.2,0.22,0.23,0.18,0.13,0.13,0.08,0.08,0.08,0.09,0.06,0.05,0.03,0.01,0,0,0,0,
Malawi; Data source; Other alcoholic beverages,1.22,1.26,3.46,3.12,3.24,3.06,2.94,2.9,2.5,2.22,2.33,2.15,2.03,1.97,1.89,1.85,1.67,1.55,1.55,
Malaysia; Data source; All types,0.76,0.65,0.57,0.57,0.5,0.56,0.53,0.39,0.41,0.41,0.45,0.46,0.49,0.5,0.52,0.47,0.49,0.52,0.59,
Malaysia; Data source; Beer,0.55,0.47,0.41,0.4,0.36,0.4,0.33,0.25,0.27,0.27,0.3,0.31,0.32,0.34,0.34,0.29,0.31,0.34,0.4,
Malaysia; Data source; Wine,0.01,0.01,0.01,0.01,0.01,0.01,0.01,0.01,0.01,0.01,0.01,0.01,0.01,0.01,0.01,0.01,0.01,0.01,0.02,
Malaysia; Data source; Spirits,0.19,0.17,0.14,0.16,0.13,0.15,0.18,0.12,0.13,0.13,0.14,0.14,0.16,0.15,0.17,0.17,0.17,0.16,0.17,
Mali; Data source; All types,0.5,0.48,0.55,0.57,0.55,0.56,0.52,0.55,0.56,0.7,0.56,0.62,0.56,0.51,0.48,0.56,0.65,0.63,0.68,
Mali; Data source; Beer,0.01,0.03,0.04,0.02,0.03,0.03,0.03,0.03,0.02,0.03,0.01,0.01,0.01,0.01,0.01,0.01,0.01,0.01,0.01,
Mali; Data source; Wine,0,0,0,0,0,0,0,0.01,0.01,0.01,0.01,0.01,0.01,0.01,0.02,0.02,0.02,0.02,0.06,
Mali; Data source; Spirits,0.02,0.04,0.06,0.07,0.05,0.06,0.06,0.08,0.06,0.07,0.06,0.05,0.03,0,0,0,0,0,0,
Mali; Data source; Other alcoholic beverages,0.46,0.4,0.45,0.47,0.46,0.46,0.42,0.44,0.46,0.59,0.48,0.55,0.5,0.48,0.45,0.53,0.61,0.6,0.61,
Malta; Data source; All types,5.73,5.8,5,5.32,4.25,4.06,3.88,2.89,3.28,3.65,2.9,2.55,2.81,2.85,2.18,2.07,1.71,1.51,1.99,
Malta; Data source; Beer,1.87,1.84,1.88,1.9,1.88,1.6,1.68,1.52,1.59,1.47,1.52,1.29,1.36,1.12,1.16,0.89,1.05,0.9,0.91,
Malta; Data source; Wine,0.61,0.99,0.34,1.41,0.33,0.66,0.28,0,0.33,0.81,0.14,0.16,0.12,0.07,0.05,0,0,0,0.47,
Malta; Data source; Spirits,3.23,2.95,2.78,2,2.04,1.79,1.92,1.35,1.35,1.36,1.23,1.1,1.32,1.66,0.97,1.17,0.65,0.61,0.6,
Malta; Data source; Other alcoholic beverages,0.02,0.02,0,0,0,0.01,0.01,0.01,0.01,0.01,0.01,0,0,0,0,0,0.01,0.01,0.01,
Mauritania; Data source; All types,0.07,0.12,0.11,0.14,0.08,0.12,0.17,0.2,0.11,0.12,0.04,0.05,0.04,0.04,0.07,0.06,0.1,0.12,0.11,
Mauritania; Data source; Beer,0.02,0.04,0.02,0.03,0.02,0.02,0.02,0.02,0.02,0.03,0.02,0.02,0.03,0.02,0.03,0.03,0.04,0.04,0.04,
Mauritania; Data source; Wine,0.03,0.03,0.04,0.05,0.03,0.06,0.06,0.08,0.05,0.05,0.02,0.02,0.02,0.02,0.03,0.03,0.05,0.08,0.07,
Mauritania; Data source; Spirits,0.02,0.04,0.04,0.06,0.03,0.05,0.1,0.11,0.04,0.03,0,0,0,0,0,0,0,0,0,
Mauritania; Data source; Other alcoholic beverages,,,,,,,,,,,,,,,No data,No data,No data,No data,No data,
Mauritius; Data source; All types,4.11,4.47,3.66,3.23,2.98,2.76,2.07,1.96,1.79,1.65,1.69,1.83,2.23,1.99,2.33,2.46,2.75,2.62,2.53,
Mauritius; Data source; Beer,1.02,1.14,1.23,1.08,0.98,0.85,0.7,0.66,0.55,0.49,0.47,0.53,0.61,0.57,0.56,0.69,0.7,0.77,0.76,
Mauritius; Data source; Wine,0.05,0.1,0.12,0.13,0.12,0.15,0.13,0.13,0.09,0.08,0.08,0.08,0.07,0.09,0.14,0.14,0.19,0.17,0.15,
Mauritius; Data source; Spirits,3.04,3.23,2.31,2.02,1.88,1.76,1.24,1.17,1.15,1.08,1.14,1.22,1.55,1.33,1.63,1.63,1.86,1.68,1.62,
Mexico; Data source; All types,4.33,4.04,4.29,4.04,3.87,3.75,3.45,3.29,3.12,3.38,3.46,3.41,3.47,3.14,3.12,2.93,2.6,2.77,2.81,
Mexico; Data source; Beer,3.15,2.89,2.86,2.68,2.78,2.89,2.61,2.34,2.04,2.36,2.33,2.21,2.23,2.18,2.14,2.04,1.74,1.78,1.84,
Mexico; Data source; Wine,0.04,0.04,0.04,0.04,0.04,0.04,0.04,0.06,0.04,0.06,0.04,0.04,0.04,0.04,0.06,0.04,0.04,0.19,0.2,
Mexico; Data source; Spirits,1.14,1.1,1.39,1.32,1.05,0.82,0.79,0.89,1.03,0.96,1.09,1.16,1.2,0.91,0.93,0.85,0.81,0.8,0.77,
Micronesia (Federated States of); Data source; All types,0,0,0,0,0,0,0,0,0,0,0,0,0,0,0,0,0,0,0,
Micronesia (Federated States of); Data source; Beer,0,0,0,0,0,0,0,0,0,0,0,0,0,0,0,0,0,0,0,
Micronesia (Federated States of); Data source; Wine,0,0,0,0,0,0,0,0,0,0,0,0,0,0,0,0,0,0,0,
Micronesia (Federated States of); Data source; Spirits,0,0,0,0,0,0,0,0,0,0,0,0,0,0,0,0,0,0,0,
Mongolia; Data source; All types,3.68,3.48,3.48,3.13,2.97,2.44,2.04,1.87,1.86,1.7,1.88,1.87,1.86,1.85,1.83,1.59,1.65,1.37,1.28,
Mongolia; Data source; Beer,0.44,0.41,0.41,0.41,0.4,0.39,0.29,0.12,0.11,0.11,0.13,0.13,0.12,0.13,0.12,0.13,0.15,0.14,0.14,
Mongolia; Data source; Wine,0,0,0,0,0,0,0,0,0,0,0,0,0,0,0,0,0,0,0,
Mongolia; Data source; Spirits,3.25,3.07,3.07,2.72,2.57,2.06,1.75,1.75,1.75,1.58,1.74,1.74,1.73,1.72,1.71,1.46,1.5,1.23,1.13,
Morocco; Data source; All types,0.61,0.79,0.88,0.87,0.88,0.82,0.82,0.83,0.68,0.79,0.76,0.96,0.96,0.78,0.92,0.94,1.08,1.58,1.91,
Morocco; Data source; Beer,0.29,0.3,0.35,0.31,0.34,0.31,0.34,0.32,0.32,0.35,0.3,0.25,0.27,0.3,0.25,0.29,0.22,0.25,0.33,
Morocco; Data source; Wine,0.25,0.36,0.38,0.38,0.38,0.39,0.35,0.39,0.25,0.29,0.29,0.48,0.48,0.21,0.41,0.39,0.58,1.07,1.3,
Morocco; Data source; Spirits,0.07,0.13,0.16,0.18,0.16,0.12,0.13,0.12,0.12,0.15,0.17,0.23,0.21,0.27,0.26,0.26,0.27,0.27,0.28,
Morocco; Data source; Other alcoholic beverages,0,0,0,0,0,0,0,0,0,0,0,0,0,0,0,0,0,0,0,
Mozambique; Data source; All types,0.61,0.61,0.82,0.66,0.84,1.13,1.26,1.42,1.12,1.45,1.62,1.87,1.9,1.97,1.73,1.71,1.49,1.68,1.89,
Mozambique; Data source; Beer,0.32,0.32,0.34,0.43,0.47,0.64,0.67,0.56,0.47,0.42,0.36,0.29,0.25,0.23,0.2,0.23,0.18,0.16,0.15,
Mozambique; Data source; Wine,0.01,0.06,0.05,0.04,0.18,0.24,0.34,0.53,0.47,0.8,0.99,1.18,1.27,1.45,1.37,1.24,1.08,0.95,1.14,
Mozambique; Data source; Spirits,0.29,0.23,0.44,0.19,0.2,0.25,0.25,0.33,0.18,0.23,0.27,0.4,0.38,0.29,0.16,0.24,0.23,0.57,0.6,
Myanmar; Data source; All types,0.2,0.21,0.18,0.19,0.11,0.15,0.41,0.36,0.27,0.34,0.38,0.3,0.34,0.34,0.4,0.3,0.23,0.34,0.25,
Myanmar; Data source; Beer,0.01,0.01,0.01,0.01,0.01,0.01,0.01,0.01,0.01,0.01,0.01,0.01,0.01,0.01,0.01,0.01,0.01,0.01,0.01,
Myanmar; Data source; Wine,0,0,0,0,0,0,0,0,0,0,0,0,0,0,0,0,0,0,0,
Myanmar; Data source; Spirits,0.19,0.2,0.18,0.18,0.1,0.15,0.4,0.35,0.26,0.33,0.37,0.29,0.33,0.34,0.39,0.29,0.23,0.33,0.24,
Namibia; Data source; All types,0.25,0.25,0.24,0.23,0.23,0.22,0.22,0.22,0.21,0.21,0.2,0.19,0.19,0.18,0.17,0.17,0.11,0.12,0.19,
Namibia; Data source; Beer,0,0,0,0,0,0,0,0,0,0,0,0,0,0,0,0,0,0,0,
Namibia; Data source; Wine,0,0,0,0,0,0,0,0,0,0,0,0,0,0,0,0,0,0,0,
Namibia; Data source; Spirits,0,0,0,0,0,0,0,0,0,0,0,0,0,0,0,0,0,0,0,
Namibia; Data source; Other alcoholic beverages,0.25,0.25,0.24,0.23,0.23,0.22,0.22,0.22,0.21,0.21,0.2,0.19,0.19,0.18,0.17,0.17,0.11,0.12,0.19,
Nepal; Data source; All types,0.01,0,0,0,0,0,0,0,0,0,0,0,0,0,0,0,0,0,0,
Nepal; Data source; Beer,0.01,0,0,0,0,0,0,0,0,0,0,0,0,0,0,0,0,0,0,
Nepal; Data source; Wine,0,0,0,0,0,0,0,0,0,0,0,0,0,0,0,0,0,0,0,
Nepal; Data source; Spirits,0,0,0,0,0,0,0,0,0,0,0,0,0,0,0,0,0,0,0,
Netherlands; Data source; All types,11.65,11.25,11.07,10.53,11.41,10.34,9.77,8.76,8.09,7.54,6.9,6.22,5.98,5.24,5.74,4.97,4.63,4.29,3.97,
Netherlands; Data source; Beer,5.52,5.55,5.53,5.57,5.29,5.1,4.98,4.48,4.27,3.95,3.57,3.14,3.08,2.71,2.59,2.45,2.2,1.96,1.88,
Netherlands; Data source; Wine,1.71,1.76,1.7,1.67,1.52,1.54,1.33,1.17,0.93,0.79,0.74,0.65,0.64,0.53,0.52,0.45,0.4,0.42,0.4,
Netherlands; Data source; Spirits,4.42,3.94,3.84,3.29,4.6,3.7,3.46,3.11,2.89,2.8,2.59,2.43,2.26,2,2.63,2.07,2.03,1.91,1.69,
New Zealand; Data source; All types,13.13,13.79,13.25,13.2,13.23,12.98,12.81,12.05,11.75,11.18,10.61,10.39,10.54,10.42,10.08,9.84,9.62,8.89,8.7,
New Zealand; Data source; Beer,8.26,8.98,8.75,8.63,9.17,8.98,9.14,8.88,8.87,8.56,8.21,8.2,8.19,8,7.68,7.6,7.54,6.93,6.71,
New Zealand; Data source; Wine,1.89,1.96,1.61,1.68,1.49,1.58,1.51,1.32,1.19,0.99,0.87,0.73,0.64,0.57,0.5,0.47,0.41,0.38,0.38,
New Zealand; Data source; Spirits,2.96,2.83,2.86,2.88,2.56,2.4,2.14,1.83,1.67,1.6,1.51,1.43,1.67,1.82,1.86,1.75,1.63,1.55,1.58,
New Zealand; Data source; Other alcoholic beverages,0.02,0.02,0.02,0.02,0.02,0.02,0.02,0.03,0.03,0.03,0.03,0.03,0.03,0.03,0.03,0.03,0.03,0.03,0.03,
Nicaragua; Data source; All types,2.6,2.78,3.29,3.48,3.57,3.84,4.04,3.96,4.09,4.11,4.09,4.23,4.15,4.08,3.98,4.17,4.06,4.18,4.12,
Nicaragua; Data source; Beer,0.82,0.8,0.87,0.71,0.65,0.68,0.72,0.5,0.58,0.57,0.55,0.69,0.64,0.59,0.67,0.51,0.35,0.38,0.23,
Nicaragua; Data source; Wine,0.01,0.03,0.05,0.05,0.03,0.04,0.04,0.02,0.03,0.02,0.02,0.04,0.01,0.06,0.04,0.03,0.02,0.01,0,
Nicaragua; Data source; Spirits,1.77,1.95,2.37,2.72,2.88,3.11,3.29,3.44,3.48,3.52,3.52,3.5,3.49,3.43,3.26,3.63,3.69,3.8,3.88,
Niger; Data source; All types,0.22,0.29,0.15,0.11,0.13,0.14,0.15,0.13,0.12,0.11,0.13,0.12,0.14,0.09,0.12,0.14,0.17,0.15,0.13,
Niger; Data source; Beer,0.14,0.13,0.1,0.07,0.08,0.08,0.08,0.07,0.06,0.05,0.04,0.04,0.05,0.03,0.03,0.05,0.05,0.03,0.05,
Niger; Data source; Wine,0.04,0.06,0.03,0.02,0.03,0.03,0.04,0.04,0.04,0.04,0.06,0.06,0.07,0.06,0.07,0.07,0.1,0.12,0.08,
Niger; Data source; Spirits,0.04,0.1,0.02,0.02,0.02,0.02,0.02,0.01,0.02,0.02,0.03,0.02,0.01,0.01,0.01,0.02,0.01,0,0,
Nigeria; Data source; All types,8.18,7.75,7.89,7.47,7.04,6.77,6.23,5.08,5.01,4.96,4.25,4.25,4.24,4.22,4.34,4.4,4.37,4.4,4.29,
Nigeria; Data source; Beer,0.62,0.44,0.72,0.6,0.49,0.37,0.34,0.28,0.22,0.18,0.15,0.13,0.11,0.12,0.13,0.14,0.13,0.1,0.07,
Nigeria; Data source; Wine,0,0.03,0.03,0.03,0.02,0.01,0.01,0,0.01,0.01,0,0,0,0,0,0,0.01,0,0,
Nigeria; Data source; Spirits,0.01,0,0.03,0.01,0.03,0.01,0,0.01,0.01,0,0,0.01,0.01,0.01,0.05,0.01,0.01,0.01,0.01,
Nigeria; Data source; Other alcoholic beverages,7.55,7.28,7.11,6.83,6.51,6.38,5.87,4.79,4.78,4.77,4.09,4.12,4.12,4.08,4.16,4.26,4.23,4.29,4.21,
Norway; Data source; All types,5.83,5.41,5.93,5.84,5.87,5.74,5.4,5.3,5.07,4.84,4.58,4.39,4.15,3.96,3.84,3.7,3.74,3.64,3.74,
Norway; Data source; Beer,2.96,2.98,2.96,2.92,2.98,2.89,2.77,2.72,2.59,2.44,2.3,2.15,1.99,1.91,1.85,1.77,1.78,1.67,1.75,
Norway; Data source; Wine,0.53,0.41,0.49,0.47,0.48,0.46,0.44,0.39,0.38,0.33,0.32,0.29,0.28,0.25,0.22,0.21,0.21,0.21,0.21,
Norway; Data source; Spirits,2.34,2.02,2.48,2.45,2.41,2.39,2.19,2.19,2.1,2.07,1.96,1.95,1.88,1.8,1.77,1.72,1.79,1.76,1.78,
Oman; Data source; All types,0.45,0.41,0.31,0.35,0.34,0,0,0,0,0,0,0,0,0,0,0,0,0,0,
Oman; Data source; Beer,0.45,0.41,0.31,0.35,0.34,0,0,0,0,0,0,0,0,0,0,0,0,0,0,
Oman; Data source; Wine,0,0,0,0,0,0,0,0,0,0,0,0,0,0,0,0,0,0,0,
Oman; Data source; Spirits,0,0,0,0,0,0,0,0,0,0,0,0,0,0,0,0,0,0,0,
Pakistan; Data source; All types,0.01,0.01,0.01,0.01,0.01,0.01,0.01,0.01,0.01,0.02,0.01,0.01,0.01,0.02,0.02,0.02,0.01,0.01,0.01,
Pakistan; Data source; Beer,0.01,0.01,0,0,0,0,0,0,0,0.01,0.01,0.01,0.01,0.01,0.01,0.01,0.01,0.01,0.01,
Pakistan; Data source; Wine,0,0,0,0,0,0,0,0,0,0,0,0,0,0,0,0,0,0,0,
Pakistan; Data source; Spirits,0,0,0,0,0,0,0,0,0.01,0.01,0,0,0,0.01,0.01,0.01,0,0,0,
Panama; Data source; All types,4.88,4.59,4.17,4.68,4.72,4.55,4.34,3.7,4.62,4.44,4.39,3.89,3.89,3.75,3.67,3.32,3.16,3.84,3.42,
Panama; Data source; Beer,2.25,1.8,1.53,1.92,1.94,1.86,1.7,1.43,1.96,1.95,1.94,1.75,1.87,1.84,1.8,1.74,1.77,1.64,1.59,
Panama; Data source; Wine,0.12,0.14,0.13,0.1,0.1,0.11,0.11,0.09,0.1,0.09,0.08,0.07,0.07,0.08,0.07,0.07,0.07,0.08,0.08,
Panama; Data source; Spirits,2.51,2.64,2.51,2.66,2.68,2.57,2.52,2.18,2.55,2.39,2.36,2.07,1.96,1.83,1.8,1.51,1.33,2.12,1.74,
Panama; Data source; Other alcoholic beverages,0,0,0,0,0,0,0,0,0,0,0,0,0,0,0,0,0,0,0,
Papua New Guinea; Data source; All types,1.54,1.61,1.56,1.33,1.41,1.21,1.13,1.17,1.25,0.99,0.77,0.7,0.66,0.56,0.52,0.5,0.37,0.3,0.29,
Papua New Guinea; Data source; Beer,1.34,1.4,1.35,1.12,1.12,0.97,0.82,0.8,0.87,0.67,0.5,0.45,0.42,0.33,0.28,0.28,0.25,0.18,0.18,
Papua New Guinea; Data source; Wine,0.05,0.05,0.05,0.05,0.07,0.06,0.1,0.11,0.1,0.08,0.07,0.06,0.04,0.03,0.03,0.02,0.02,0.02,0.01,
Papua New Guinea; Data source; Spirits,0.15,0.16,0.16,0.17,0.22,0.18,0.21,0.25,0.28,0.24,0.21,0.2,0.2,0.19,0.21,0.2,0.1,0.1,0.1,
Paraguay; Data source; All types,7.32,6.84,5.84,4.84,5.97,5.48,4.46,4.07,4.06,4.48,4.38,3.62,4.07,4.03,3.9,3.35,3.4,4,3.65,
Paraguay; Data source; Beer,1.7,1.47,1.35,0.96,0.9,0.78,0.66,0.59,0.55,0.61,0.43,0.4,0.38,0.38,0.31,0.3,0.35,0.26,0.28,
Paraguay; Data source; Wine,0.36,0.37,0.37,0.37,0.37,0.37,0.38,0.4,0.4,0.4,0.64,0.48,0.41,0.42,0.36,0,0,0.76,0.54,
Paraguay; Data source; Spirits,5.25,5,4.13,3.51,4.69,4.32,3.42,3.08,3.1,3.44,3.3,2.73,3.27,3.22,3.22,3.04,3.05,2.96,2.83,
Paraguay; Data source; Other alcoholic beverages,0,0,0,0,0,0,0,0,0.01,0.04,0,0.01,0,0.01,0.01,0.01,0,0.01,0.01,
Peru; Data source; All types,6.04,5.89,6.53,6.8,6.58,6.49,6.54,6.19,6.52,6.14,6.14,6.46,5.93,7.06,6.8,5.97,5.59,6.76,6.95,
Peru; Data source; Beer,2.11,1.88,2.3,2.58,2.25,2.06,1.91,1.72,1.74,1.43,1.46,1.41,1.41,1.43,1.21,1.19,1,1.21,1.11,
Peru; Data source; Wine,0.19,0.19,0.19,0.19,0.2,0.2,0.2,0.22,0.23,0.23,0.21,0.24,0.29,0.23,0.22,0.17,0.16,0.24,0.2,
Peru; Data source; Spirits,3.74,3.82,4.03,4.03,4.13,4.22,4.44,4.25,4.56,4.48,4.47,4.8,4.23,5.4,5.37,4.61,4.43,5.31,5.63,
Philippines; Data source; All types,3.38,3.34,3.15,2.96,2.67,2.63,2.28,2.27,2.21,2.19,2.19,2.42,2.12,1.76,1.65,1.48,1.32,0.89,0.7,
Philippines; Data source; Beer,1.26,3.26,1.16,1.11,0.95,0.94,0.73,0.8,0.81,0.78,0.69,0.81,0.7,0.55,0.64,0.62,0.64,0.43,0.35,
Philippines; Data source; Wine,0,0,0,0,0,0,0,0,0,0,0,0,0,0,0,0,0,0,0,
Philippines; Data source; Spirits,2.12,2.05,1.99,1.85,1.72,1.69,1.55,1.47,1.4,1.41,1.5,1.61,1.42,1.21,1.01,0.86,0.68,0.46,0.35,
Philippines; Data source; Other alcoholic beverages,0,0,0,0,0,0,0,0,0,0,0,0,0,0,0,0,0,0,0,
Poland; Data source; All types,10.62,10.99,10.47,9.45,8.62,9.01,8.67,8.7,8.03,7.62,7.64,7.41,6.94,6.57,6.29,6.16,6.22,6.06,6.27,
Poland; Data source; Beer,2.02,2.18,2.25,2.39,2.42,2.54,2.41,2.43,2.28,2.16,2.1,2.02,1.96,1.84,1.74,1.75,1.74,1.6,1.76,
Poland; Data source; Wine,1.43,1.4,1.31,1.16,1.04,1.01,1.03,1.03,1.01,0.94,0.85,0.77,0.73,0.71,0.77,0.79,0.77,0.88,0.92,
Poland; Data source; Spirits,7.17,7.42,6.91,5.91,5.16,5.46,5.23,5.23,4.74,4.52,4.69,4.61,4.25,4.02,3.78,3.52,3.7,3.58,3.59,
Portugal; Data source; All types,14.19,14.02,13.74,16.87,19.55,18.34,19.06,16.18,15.95,19.89,13.99,18.32,17.03,16.9,19.53,19.37,18.49,15.17,15.02,
Portugal; Data source; Beer,2.56,2.65,2.71,2.2,2.11,2.35,2.33,1.96,1.19,0.99,0.97,0.73,0.65,0.61,0.5,0.39,0.39,0.27,0.3,
Portugal; Data source; Wine,11.15,10.82,10.52,14.26,16.9,15.47,16.27,13.66,14.17,18.37,12.72,17.35,16.09,16.01,18.74,18.63,17.81,14.5,14.12,
Portugal; Data source; Spirits,0.49,0.55,0.5,0.41,0.54,0.52,0.45,0.56,0.59,0.52,0.29,0.23,0.29,0.29,0.29,0.34,0.29,0.4,0.6,
Portugal; Data source; Other alcoholic beverages,0.77,0.74,0.99,1.16,1.08,1.16,0.99,1.02,1.33,0.92,1.25,1.16,1.16,1.35,1.34,1.28,1.4,0,0,
Qatar; Data source; All types,1.71,2.41,2.87,1.9,1.39,1.39,1.14,0.81,0,0,0,0,0,0,0,0,0,0,0,
Qatar; Data source; Beer,0.4,0.5,0.28,0.2,0.08,0.5,0.35,0.03,0,0,0,0,0,0,0,0,0,0,0,
Qatar; Data source; Wine,0,0,0,0,0,0,0,0,0,0,0,0,0,0,0,0,0,0,0,
Qatar; Data source; Spirits,1.31,1.91,2.59,1.7,1.32,0.89,0.79,0.78,0,0,0,0,0,0,0,0,0,0,0,
Republic of Korea; Data source; All types,14.4,14.3,16.73,16.01,15.17,16.58,16.83,15.17,14.43,11.25,9.37,8.44,8.89,7.63,6.03,5.21,5.94,7.04,5.99,
Republic of Korea; Data source; Beer,1.18,0.84,0.47,0.38,0.36,0.34,0.28,0.21,0.27,0.22,0.15,0.12,0.15,0.11,0.12,0.07,0.04,0.02,0.04,
Republic of Korea; Data source; Wine,0,0,0,0,0,0,0,0,0,0,0,0,0,0,0,0,0,0,0,
Republic of Korea; Data source; Spirits,1.66,1.75,1.84,1.74,1.68,1.31,1.14,0.99,1.01,0.91,0.84,0.81,0.88,0.6,0.5,0.33,0.34,0.41,0.41,
Republic of Korea; Data source; Other alcoholic beverages,11.57,11.71,14.43,13.9,13.13,14.93,15.41,13.97,13.15,10.12,8.38,7.51,7.86,6.92,5.4,4.81,5.56,6.61,5.54,
Romania; Data source; All types,11.41,10.47,9.61,9.44,9.68,10.34,10.21,8.97,8.82,8.55,8,7.66,7.12,7.27,7.18,7.03,7.01,6.92,5.7,
Romania; Data source; Beer,2.96,2.55,2.33,2.33,2.28,2.06,1.81,1.63,1.63,1.45,1.26,1.21,1.16,1.08,0.98,0.91,0.87,0.84,0.77,
Romania; Data source; Wine,5.32,4.94,4.45,4.43,4.86,5.27,5.32,4.35,4.39,4.49,4.37,4.33,3.96,4.37,4.44,4.42,4.49,4.49,3.71,
Romania; Data source; Spirits,3.13,2.98,2.83,2.68,2.54,3.01,3.08,2.99,2.8,2.6,2.38,2.12,2,1.82,1.76,1.7,1.65,1.59,1.22,
Russian Federation; Data source; All types,7.72,7.77,7.67,7.68,7.68,7.54,8.05,8.16,8.5,8.63,8.45,7.83,7.45,6.95,6.71,6.39,6.19,,,
Russian Federation; Data source; Beer,1.53,1.57,1.54,1.5,1.46,1.33,1.35,1.27,1.22,1.19,1.14,1.12,1.09,1.06,0.98,0.9,0.91,,,
Russian Federation; Data source; Wine,1.97,1.97,1.88,1.91,1.92,1.88,2.33,2.42,2.36,2.28,2.1,1.58,1.44,1.28,1.15,1.09,1.01,,,
Russian Federation; Data source; Spirits,4.22,4.23,4.25,4.27,4.3,4.33,4.37,4.47,4.92,5.16,5.21,5.13,4.92,4.61,4.58,4.4,4.27,,,
Rwanda; Data source; All types,7.24,7.35,7.26,7.14,6.79,6.7,7.26,7.13,7.32,7.31,7.27,7.54,7.51,6.23,6.36,6.01,5.48,7.79,5.68,
Rwanda; Data source; Beer,0.68,0.83,0.73,0.68,0.53,0.48,0.43,0.4,0.36,0.33,0.29,0.3,0.29,0.28,0.26,0,0,0,0,
Rwanda; Data source; Wine,0.01,0.01,0.01,0.01,0.01,0.01,0.01,0,0,0,0,0,0,0,0,0,0,0,0,
Rwanda; Data source; Spirits,0.01,0.02,0.02,0.02,0.02,0.02,0.02,0.01,0.01,0.01,0,0,0,0,0,0,0,0,0,
Rwanda; Data source; Other alcoholic beverages,6.55,6.5,6.51,6.42,6.24,6.19,6.8,6.72,6.94,6.97,6.98,7.23,7.22,5.95,6.1,6.01,5.48,7.79,5.68,
Saint Kitts and Nevis; Data source; All types,3.6,3.41,3.23,3.12,3.4,2.98,4.24,4.27,4.44,4.67,3.95,3.76,4.32,4.09,4.02,4.15,3.76,3.51,3.38,
Saint Kitts and Nevis; Data source; Beer,1.42,1.11,1.11,0.91,1.08,0.8,1.19,1.06,0.97,0.95,0.8,0.67,0.61,0.53,0.55,0.63,0.48,0.38,0.36,
Saint Kitts and Nevis; Data source; Wine,0.09,0.09,0.1,0.16,0.16,0.14,0.21,0.18,0.25,0.15,0.17,0.16,0.15,0.14,0.18,0.34,0.21,0.17,0.17,
Saint Kitts and Nevis; Data source; Spirits,2.1,2.2,2.02,2.05,2.16,2.05,2.84,3.02,3.22,3.58,2.98,2.94,3.56,3.42,3.3,3.18,3.07,2.96,2.85,
Saint Kitts and Nevis; Data source; Other alcoholic beverages,0,0,0,0,0,0,0,0,0,0,0,0,0,0,0,0,0,0,0,
Saint Lucia; Data source; All types,11.19,11,9.78,8.88,8.61,8.45,10.13,10,10.84,9.46,8.82,8.28,7.68,8.16,9.05,9.26,8.39,8.55,7.97,
Saint Lucia; Data source; Beer,3.14,2.68,1,0.59,0.64,0.64,0.89,0.99,1.25,0.99,0.81,0.53,0.43,0.53,0.35,0.33,0.21,0.21,0.21,
Saint Lucia; Data source; Wine,0.4,0.31,0.36,0.4,0.29,0.35,0.94,0.87,0.65,0.48,0.61,0.41,0.37,0.39,0.31,0.29,0.25,0.25,0.27,
Saint Lucia; Data source; Spirits,7.54,7.9,8.42,7.89,7.68,7.46,8.31,8.14,8.94,7.99,7.39,7.34,6.88,7.24,8.39,8.63,7.94,8.09,7.48,
Saint Lucia; Data source; Other alcoholic beverages,0.11,0.1,0,0,0,0,0,0,0,0,0,0,0,0,0,0,0,0,0,
Samoa; Data source; All types,1.7,1.69,2.14,2.45,1.26,1.52,1.34,1.07,1.01,0.82,0.72,0.53,0.88,0.73,0.8,0.48,0.36,0.34,0.61,
Samoa; Data source; Beer,1.24,1.35,1.6,1.64,1.2,1.2,1.14,0.78,0.85,0.58,0.59,0.4,0.4,0.47,0.63,0.32,0.31,0.29,0.28,
Samoa; Data source; Wine,0.06,0.06,0.02,0.02,0.02,0.04,0.01,0.03,0.01,0.11,0.01,0.01,0.01,0.02,0,0,0,0,0,
Samoa; Data source; Spirits,0.4,0.29,0.2,0.79,0.04,0.28,0.19,0.26,0.14,0.13,0.11,0.11,0.47,0.24,0.17,0.16,0.05,0.05,0.33,
Sao Tome and Principe; Data source; All types,3.68,1.52,2.61,4.83,4.97,6.02,5,7.32,7.69,8.22,9.67,9.42,7.77,7.71,7.84,7.14,8.61,6.48,6.31,
Sao Tome and Principe; Data source; Beer,0,0,0,0,0,0.02,0.19,1.12,1.1,1.31,1.62,1.58,0.99,1.03,0.55,0.54,0.53,0.51,0.5,
Sao Tome and Principe; Data source; Wine,3.67,1.51,2.59,4.81,4.96,5.99,4.8,6.18,6.58,6.9,8.04,7.83,6.77,6.67,7.28,6.61,8.08,5.97,5.81,
Sao Tome and Principe; Data source; Spirits,0.01,0.01,0.01,0.01,0.01,0.01,0.01,0.01,0.01,0.01,0.01,0.01,0.01,0.01,0.01,0,0,0,0,
Sao Tome and Principe; Data source; Other alcoholic beverages,0,0,0,0,0,0,0,0,0,0,0,0,0,0,0,0,0,0,0,
Saudi Arabia; Data source; All types,0.23,0.22,0.1,0,0,0,0,0.01,0,0,0,0,0,0,0,0,0,0,0,
Saudi Arabia; Data source; Beer,0.23,0.21,0.09,0,0,0,0,0,0,0,0,0,0,0,0,0,0,0,0,
Saudi Arabia; Data source; Wine,0,0,0,0,0,0,0,0,0,0,0,0,0,0,0,0,0,0,0,
Saudi Arabia; Data source; Spirits,0,0.01,0.02,0,0,0,0,0,0,0,0,0,0,0,0,0,0,0,0,
Senegal; Data source; All types,0.84,0.83,0.99,0.92,0.82,0.57,0.59,0.69,0.6,0.57,0.59,0.6,0.67,0.67,0.78,0.97,1.22,1.07,1.22,
Senegal; Data source; Beer,0.42,0.41,0.46,0.38,0.33,0.21,0.22,0.25,0.22,0.21,0.19,0.18,0.17,0.2,0.24,0.26,0.29,0.24,0.24,
Senegal; Data source; Wine,0.32,0.35,0.43,0.46,0.42,0.3,0.31,0.34,0.31,0.29,0.35,0.38,0.44,0.43,0.49,0.67,0.86,0.77,0.91,
Senegal; Data source; Spirits,0.1,0.07,0.1,0.08,0.07,0.06,0.05,0.11,0.06,0.06,0.05,0.05,0.06,0.04,0.05,0.05,0.06,0.06,0.06,
Seychelles; Data source; All types,3.56,3.65,3.59,3.54,3.52,3.71,3.73,3.84,3.89,3.75,3.06,2.38,2.41,2.05,1.82,1.81,1.31,1.19,1.13,
Seychelles; Data source; Beer,2.38,2.43,2.29,2.25,2.25,2.31,2.35,2.38,2.39,2.32,2.08,1.39,1.4,1.2,1,1.25,0.74,0.6,0.58,
Seychelles; Data source; Wine,0.53,0.51,0.53,0.52,0.53,0.62,0.61,0.63,0.65,0.56,0.53,0.6,0.63,0.55,0.51,0.22,0.3,0.19,0.16,
Seychelles; Data source; Spirits,0.65,0.7,0.77,0.77,0.74,0.79,0.77,0.83,0.85,0.86,0.44,0.4,0.38,0.31,0.31,0.35,0.26,0.4,0.4,
Sierra Leone; Data source; All types,4.36,4.55,4.69,4.61,4.59,4.25,4.22,4.78,5.52,5.69,5.72,5.65,5.63,5.57,5.55,5.58,5.57,5.61,5.61,
Sierra Leone; Data source; Beer,0.22,0.32,0.27,0.29,0.29,0.26,0.24,0.19,0.18,0.17,0.18,0.16,0.14,0.17,0.13,0.11,0.13,0.18,0.18,
Sierra Leone; Data source; Wine,0,0.01,0.02,0.03,0.03,0.03,0.04,0.07,0.04,0.03,0.04,0.02,0.01,0,0.02,0.03,0.06,0.04,0.09,
Sierra Leone; Data source; Spirits,0.03,0.04,0.04,0.05,0.02,0.06,0.03,0.04,0.04,0.07,0.05,0.05,0.09,0.04,0,0.04,0.04,0.05,0.05,
Sierra Leone; Data source; Other alcoholic beverages,4.1,4.18,4.35,4.24,4.26,3.9,3.9,4.48,5.26,5.42,5.44,5.42,5.38,5.35,5.39,5.39,5.35,5.34,5.29,
Singapore; Data source; All types,2.14,2.37,2.57,2.66,2.4,2.38,2.86,2.49,2.9,2.68,2.33,2.41,2.25,2.11,2.14,1.87,2.21,1.97,2.19,
Singapore; Data source; Beer,1.02,1.12,1.21,1.33,1.34,1.38,1.42,1.33,1.49,1.41,1.27,1.3,1.35,1.28,1.18,1.09,1.16,1,1.51,
Singapore; Data source; Wine,0.14,0.15,0.15,0.13,0.12,0.12,0.11,0.08,0.11,0.08,0.06,0.06,0.04,0.04,0.05,0.03,0.04,0.03,0.04,
Singapore; Data source; Spirits,0.87,0.95,0.98,0.97,0.8,0.76,1.09,0.75,0.99,0.9,0.76,0.69,0.64,0.55,0.57,0.42,0.53,0.45,0.46,
Singapore; Data source; Other alcoholic beverages,0.11,0.15,0.23,0.23,0.13,0.1,0.23,0.31,0.3,0.28,0.24,0.36,0.21,0.24,0.34,0.32,0.48,0.49,0.18,
Slovakia; Data source; All types,13.57,13.59,14.85,13.66,14.7,13.51,13.68,13.64,14.25,12.71,12.05,11.16,10.81,11.18,11.03,10.21,9.35,9.44,9.28,
Slovakia; Data source; Beer,6.86,6.1,7.56,7.09,7.71,7.51,7.89,8.13,8.32,7.2,6.94,6.72,6.46,6.87,6.75,6.42,6,5.7,5.45,
Slovakia; Data source; Wine,2.54,2.87,2.81,2.71,2.99,2.5,2.39,2.41,2.51,2.43,2.21,2.04,2.4,2.55,2.77,2.45,1.94,2.21,2.42,
Slovakia; Data source; Spirits,4.17,4.62,4.48,3.86,4,3.5,3.4,3.1,3.42,3.08,2.9,2.4,1.95,1.76,1.51,1.34,1.41,1.53,1.41,
Solomon Islands; Data source; All types,0.96,0.74,0.72,0.69,0.65,0.66,0.57,0.7,0.57,0.53,0.49,0.44,0.43,0.43,0.42,0.42,0.45,0.38,0.37,
Solomon Islands; Data source; Beer,0.75,0.55,0.56,0.51,0.48,0.47,0.4,0.41,0.39,0.37,0.34,0.3,0.31,0.31,0.25,0.31,0.34,0.31,0.29,
Solomon Islands; Data source; Wine,0.07,0.06,0.07,0.06,0.06,0.06,0.05,0.05,0.06,0.03,0.03,0.04,0.02,0.03,0.03,0.03,0.03,0.01,0.01,
Solomon Islands; Data source; Spirits,0.14,0.13,0.09,0.12,0.11,0.12,0.11,0.15,0.13,0.12,0.12,0.11,0.1,0.1,0.14,0.08,0.08,0.06,0.07,
Somalia; Data source; All types,0.02,0.01,0.02,0.02,0,0.02,0.02,0.03,0.03,0.04,0.06,0.05,0.03,0.05,0.06,0.05,0.03,0.05,0.06,
Somalia; Data source; Beer,0,0.01,0.01,0.02,0,0.01,0.01,0.02,0.02,0.02,0.02,0.03,0.01,0.02,0.02,0.02,0.02,0.02,0.02,
Somalia; Data source; Wine,0,0,0,0,0,0,0,0.01,0,0.01,0.01,0.01,0.01,0.02,0.02,0.01,0,0.03,0.03,
Somalia; Data source; Spirits,0.01,0,0,0,0,0.01,0,0,0.01,0.01,0.03,0.01,0.01,0.01,0.02,0.01,0.02,0.01,0.01,
South Africa; Data source; All types,8.18,7.51,7.46,7.87,8.37,8.65,8.17,7.52,7.31,7.36,7.16,6.91,6.73,6.59,6.37,5.87,5.35,8.13,7.41,
South Africa; Data source; Beer,1.89,1.65,1.6,1.66,1.69,1.55,1.33,1.13,1.05,1.06,0.95,0.77,0.71,0.8,0.8,0.67,0.81,0.41,0.37,
South Africa; Data source; Wine,1.74,1.82,1.86,2.05,2.16,2.35,2.23,2.09,2.36,1.93,1.97,1.9,1.92,1.75,1.8,1.88,1.61,4.35,3.83,
South Africa; Data source; Spirits,2.05,1.76,1.78,1.99,2.39,2.27,2,1.76,1.95,2.32,1.94,2,1.93,1.97,1.92,1.72,1.54,2.27,2.23,
South Africa; Data source; Other alcoholic beverages,2.5,2.28,2.22,2.17,2.14,2.49,2.62,2.54,1.95,2.06,2.3,2.23,2.18,2.07,1.85,1.6,1.38,1.11,0.99,
Spain; Data source; All types,17.71,18.28,17.07,17.93,18.53,18.38,17.98,16.33,15.11,15.25,15.22,14.91,14.54,16.03,14.59,13.88,13.56,14.64,,
Spain; Data source; Beer,3.68,3.58,3.23,3.3,3.25,3.06,2.95,2.5,2.48,2.67,2.22,2.28,2.1,1.82,1.61,1.49,1.27,1.05,,
Spain; Data source; Wine,9.79,10.58,9.85,10.77,11.55,11.72,11.43,10.22,9.16,9.39,9.53,9.45,9.26,10.08,9.54,9.5,9.81,10.49,,
Spain; Data source; Spirits,4.24,4.12,3.99,3.86,3.73,3.6,3.6,3.61,3.47,3.19,3.47,3.18,3.18,4.13,3.44,2.89,2.48,3.1,,
Sri Lanka; Data source; All types,0.42,0.49,0.26,0.23,0.22,0.14,0.18,0.24,0.18,0.26,0.26,0.26,0.22,0.21,0.3,0.34,0.34,0.34,0.34,
Sri Lanka; Data source; Beer,0.04,0.04,0.04,0.03,0.03,0.03,0.04,0.05,0.05,0.05,0.05,0.05,0.04,0.05,0.05,0.05,0.04,0.05,0.06,
Sri Lanka; Data source; Wine,0,0,0,0,0,0,0,0,0,0,0,0,0,0,0,0,0,0,0,
Sri Lanka; Data source; Spirits,0.37,0.44,0.22,0.19,0.19,0.11,0.14,0.19,0.14,0.2,0.21,0.21,0.18,0.16,0.25,0.29,0.3,0.29,0.29,
Sudan; Data source; All types,1.55,1.72,1.55,2.32,1.55,1.66,1.6,1.55,1.57,1.56,1.61,1.55,1.3,1.19,1.22,1.54,1.47,1.68,1.29,
Sudan; Data source; Beer,1.43,1.61,1.43,2.23,1.46,1.57,1.51,1.49,1.51,1.49,1.53,1.45,1.23,1.15,1.19,1.51,1.44,1.66,1.27,
Sudan; Data source; Wine,0,0,0,0,0,0,0,0,0,0.01,0.01,0.01,0.01,0.01,0.01,0.01,0,0,0,
Sudan; Data source; Spirits,0.12,0.11,0.11,0.08,0.09,0.08,0.09,0.06,0.06,0.06,0.08,0.09,0.06,0.03,0.02,0.03,0.02,0.02,0.02,
Suriname; Data source; All types,7.99,8.14,7.54,6.89,6.93,6.88,7.02,6.37,5.88,6.81,6.54,5.79,5.68,5.61,5.87,5.98,6.2,6.18,6.14,
Suriname; Data source; Beer,2.95,2.83,2.87,2.44,2.12,2.12,2.36,2.39,2.22,2.43,2.22,1.86,1.72,1.62,1.49,1.36,1.37,1.33,1.22,
Suriname; Data source; Wine,0.08,0.08,0.08,0.1,0.05,0.05,0.05,0.11,0.09,0.65,0.57,0.04,0.04,0.05,0.05,0.1,0.06,0.06,0.05,
Suriname; Data source; Spirits,4.96,5.23,4.58,4.34,4.76,4.7,4.61,3.87,3.58,3.73,3.74,3.88,3.91,3.94,4.32,4.52,4.77,4.78,4.87,
Swaziland; Data source; All types,8.29,9.48,9.69,11.51,12.1,11.22,11.37,9.87,10.7,8.66,7.46,6.75,6.26,5.49,5,4.8,5.27,6.32,7.03,
Swaziland; Data source; Beer,6.81,7.14,7.58,9.55,10.21,10.17,9.41,9.29,9.95,8.17,7.18,6.75,6.26,5.49,5,4.8,5.27,6.32,7.03,
Swaziland; Data source; Wine,0.52,0.98,0.71,0.52,0.54,0.5,0.96,0.29,0.3,0.18,0.12,0,0,0,0,0,0,0,0,
Swaziland; Data source; Spirits,0.96,1.36,1.4,1.44,1.35,0.55,1,0.29,0.45,0.31,0.16,0,0,0,0,0,0,0,0,
Sweden; Data source; All types,8.08,8.06,8.41,8.78,8.69,8.46,7.94,8.05,7.77,7.86,7.75,7.22,6.96,6.75,6.56,6.36,6.03,6.1,6.04,
Sweden; Data source; Beer,3.01,3.06,3.37,3.72,3.8,3.68,3.57,3.63,3.63,3.63,3.68,3.26,2.87,2.74,2.56,2.49,2.48,2.3,2.35,
Sweden; Data source; Wine,1.29,1.25,1.31,1.18,1.15,1.07,1.01,1.1,0.97,0.89,0.81,0.74,0.69,0.64,0.6,0.59,0.54,0.58,0.55,
Sweden; Data source; Spirits,3.78,3.75,3.73,3.88,3.74,3.71,3.36,3.32,3.17,3.34,3.26,3.22,3.4,3.37,3.4,3.28,3.01,3.22,3.14,
Switzerland; Data source; All types,14.06,14.16,14.04,13.96,14.28,15.24,15.63,15.02,14.77,14.79,14.65,14.23,14.19,14.22,No data,No data,No data,No data,No data,
Switzerland; Data source; Beer,4.28,4.3,4.35,4.56,4.63,4.88,4.92,4.8,5.08,5.15,5.03,4.94,5.15,5.09,No data,No data,No data,No data,No data,
Switzerland; Data source; Wine,6.9,6.9,6.8,6.64,6.79,7.15,7.26,6.95,6.56,6.6,6.45,6.22,6.32,6.15,No data,No data,No data,No data,No data,
Switzerland; Data source; Spirits,2.56,2.63,2.55,2.36,2.48,2.8,3.02,2.82,2.67,2.57,2.68,2.53,2.27,2.43,No data,No data,No data,No data,No data,
Switzerland; Data source; Other alcoholic beverages,0.32,0.33,0.35,0.4,0.39,0.4,0.43,0.44,0.45,0.47,0.49,0.54,0.45,0.55,,,,,,
Syrian Arab Republic; Data source; All types,0.99,0.93,1.04,1.19,0.91,0.91,0.47,0.55,0.61,0.52,0.79,0.59,0.12,0.13,0.14,0.15,0.15,0.15,0.14,
Syrian Arab Republic; Data source; Beer,0.07,0.07,0.07,0.09,0.09,0.07,0.06,0.05,0.05,0.04,0.04,0.03,0.03,0.04,0.05,0.05,0.05,0.06,0.06,
Syrian Arab Republic; Data source; Wine,0.79,0.79,0.85,0.93,0.71,0.72,0.31,0.38,0.45,0.36,0.65,0.45,0,0,0,0,0,0.01,0,
Syrian Arab Republic; Data source; Spirits,0.12,0.07,0.12,0.17,0.12,0.12,0.1,0.13,0.11,0.11,0.11,0.11,0.09,0.09,0.09,0.1,0.09,0.08,0.08,
Thailand; Data source; All types,4.77,4.39,4.2,2.91,2.3,2.27,1.79,1.87,2.03,1.91,1.84,1.7,1.65,1.62,1.21,0.93,0.82,0.46,0.26,
Thailand; Data source; Beer,0.26,0.19,0.18,0.14,0.12,0.09,0.09,0.07,0.07,0.08,0.09,0.09,0.08,0.09,0.04,0.04,0.03,0.03,0.02,
Thailand; Data source; Wine,0,0,0,0,0,0,0,0,0,0,0,0,0,0,0,0,0,0,0,
Thailand; Data source; Spirits,4.51,4.21,4.01,2.77,2.18,2.18,1.7,1.8,1.96,1.83,1.75,1.62,1.57,1.53,1.17,0.9,0.79,0.44,0.24,
Timor-Leste; Data source; All types,,,,,0.12,0.4,0.32,0.27,0.49,0.39,0.51,0.43,0.44,0.31,0.23,0.17,0.3,0.15,0.18,
Timor-Leste; Data source; Beer,,,,,0.12,0.12,0.1,0.08,0.15,0.14,0.13,0.1,0.08,0.06,0.05,0.03,0.08,0.03,0.03,
Timor-Leste; Data source; Wine,,,,,0,0.15,0.09,0.09,0.24,0.15,0.26,0.2,0.26,0.15,0.15,0.09,0.16,0.07,0.1,
Timor-Leste; Data source; Spirits,,,,,0,0.13,0.12,0.09,0.1,0.1,0.11,0.12,0.1,0.09,0.03,0.04,0.05,0.05,0.05,
Togo; Data source; All types,3.79,3.77,6.22,5.16,4.93,6.24,6.45,5.54,4.92,4.84,4.92,5.85,6.82,6.12,5.41,5.92,4.13,4.58,4.62,
Togo; Data source; Beer,1.66,1.69,2.89,2.53,2.44,3.12,3.21,2.75,2.45,2.37,2.3,2.78,3.3,2.91,2.55,2.74,1.89,2.08,2.15,
Togo; Data source; Wine,0.19,0.22,0.35,0.21,0.23,0.17,0.16,0.21,0.21,0.24,0.28,0.29,0.25,0.29,0.29,0.37,0.28,0.29,0.25,
Togo; Data source; Spirits,1.33,1.15,0.92,0.55,0.47,0.38,0.38,0.31,0.24,0.29,0.47,0.27,0.19,0.22,0.23,0.31,0.27,0.3,0.26,
Togo; Data source; Other alcoholic beverages,0.61,0.71,2.06,1.87,1.79,2.57,2.7,2.27,2.02,1.94,1.87,2.51,3.08,2.7,2.34,2.5,1.69,1.91,1.96,
Trinidad and Tobago; Data source; All types,5.91,5.39,5.66,5.12,5.07,4.89,4.61,3.98,3.92,3.95,3.59,2.83,2.96,3.8,4.98,3.57,3.86,3.46,2.83,
Trinidad and Tobago; Data source; Beer,1.81,1.55,1.98,1.88,1.61,1.45,1.75,1.63,1.62,1.47,1.25,0.88,0.89,0.92,0.99,0.88,0.92,0.9,0.96,
Trinidad and Tobago; Data source; Wine,0.28,0.13,0.11,0.09,0.1,0.1,0.11,0.14,0.15,0.12,0.08,0.06,0.07,0.09,0.09,0.08,0.08,0.1,0.12,
Trinidad and Tobago; Data source; Spirits,3.8,3.65,3.53,3.13,3.34,3.33,2.71,2.19,2.14,2.35,2.25,1.87,1.98,2.77,3.88,2.59,2.84,2.43,1.72,
Trinidad and Tobago; Data source; Other alcoholic beverages,0.02,0.05,0.03,0.01,0.02,0.02,0.03,0.01,0.01,0.01,0.01,0.01,0.01,0.01,0.01,0.01,0.01,0.01,0.02,
Tunisia; Data source; All types,1.05,1.22,1.4,1.22,1.22,1.23,1.23,1.23,1.23,1.05,1.23,1.06,2.11,2.12,1.76,1.41,1.06,1.9,1.7,
Tunisia; Data source; Beer,0.49,0.51,0.45,0.42,0.48,0.58,0.56,0.51,0.46,0.34,0.3,0.42,0.43,0.42,0.4,0.41,0.32,0.39,0.43,
Tunisia; Data source; Wine,0.48,0.67,0.81,0.81,0.67,0.62,0.64,0.62,0.66,0.6,0.77,0.66,1.53,1.53,1.32,0.99,0.62,1.42,1.19,
Tunisia; Data source; Spirits,0.08,0.04,0.14,0,0.07,0.03,0.03,0.1,0.11,0.11,0.26,0,0.15,0.29,0.04,0.01,0.12,0.09,0.08,
Turkey; Data source; All types,0.81,0.91,0.85,0.77,0.77,0.59,0.69,0.41,0.55,0.39,0.35,0.35,0.33,0.35,0.35,0.33,0.31,0.81,0.75,
Turkey; Data source; Beer,0.35,0.41,0.39,0.35,0.33,0.24,0.28,0.13,0.19,0.11,0.09,0.09,0.09,0.1,0.09,0.08,0.08,0.22,0.21,
Turkey; Data source; Wine,0.11,0.09,0.07,0.07,0.11,0.11,0.13,0.15,0.17,0.17,0.17,0.17,0.15,0.15,0.17,0.17,0.15,0.23,0.2,
Turkey; Data source; Spirits,0.35,0.41,0.39,0.35,0.33,0.24,0.28,0.13,0.19,0.11,0.09,0.09,0.09,0.1,0.09,0.08,0.08,0.36,0.34,
Uganda; Data source; All types,9.04,11.31,11.75,12.2,12.25,12.97,12.96,11.95,12.86,12.43,10.09,9.95,9.58,8.53,8.15,10.04,10.08,9.74,9.8,
Uganda; Data source; Beer,0.07,0.16,0.17,0.18,0.31,0.36,0.39,0.33,0.31,0.24,0.2,0.19,0.21,0.21,0.21,0.15,0.14,0.14,0.17,
Uganda; Data source; Wine,0,0,0,0,0,0,0,0,0.01,0.01,0.01,0.01,0.01,0.01,0.01,0.01,0.01,0.01,0.01,
Uganda; Data source; Spirits,0.2,0.21,0.2,0.2,0.13,0.24,0.41,0.23,0.2,0.19,0.23,0.22,0.31,0.26,0.3,0.31,0.39,0.24,0.24,
Uganda; Data source; Other alcoholic beverages,8.77,10.94,11.39,11.82,11.8,12.37,12.17,11.38,12.34,11.98,9.66,9.52,9.05,8.05,7.62,9.57,9.54,9.36,9.39,
Ukraine; Data source; All types,,,,,7.48,,,,,,,,,,,,,,,
Ukraine; Data source; Beer,,,,,1.71,,,,,,,,,,,,,,,
Ukraine; Data source; Wine,,,,,2.39,,,,,,,,,,,,,,,
Ukraine; Data source; Spirits,,,,,3.38,,,,,,,,,,,,,,,
United Arab Emirates; Data source; All types,13.82,12.47,9.98,9.17,9.94,11.57,9.27,9.36,,,,,,,,,,,,
United Arab Emirates; Data source; Beer,0.16,0.19,0.24,0.29,0.3,0.31,0,0,,,,,,,,,,,,
United Arab Emirates; Data source; Wine,0.29,0.1,0.12,0.09,0.15,0.09,0,0,,,,,,,,,,,,
United Arab Emirates; Data source; Spirits,13.37,12.18,9.62,8.79,9.49,11.17,9.27,9.36,,,,,,,,,,,,
United Kingdom of Great Britain and Northern Ireland; Data source; All types,11.24,10.89,10.28,10.81,10.4,10.39,10.04,9.14,8.83,8.46,8.11,7.91,7.68,7.56,7.4,7.53,7.18,7.09,7.14,
United Kingdom of Great Britain and Northern Ireland; Data source; Beer,7.85,7.77,7.68,7.83,7.73,7.61,7.45,7.09,7.01,6.8,6.62,6.35,6.21,6.12,5.99,6.02,5.79,5.77,5.81,
United Kingdom of Great Britain and Northern Ireland; Data source; Wine,0.99,0.92,0.77,0.83,0.75,0.76,0.75,0.59,0.51,0.42,0.41,0.42,0.37,0.34,0.32,0.34,0.3,0.29,0.28,
United Kingdom of Great Britain and Northern Ireland; Data source; Spirits,2.4,2.2,1.83,2.15,1.92,2.02,1.84,1.46,1.31,1.24,1.08,1.14,1.1,1.1,1.09,1.17,1.09,1.03,1.04,
United Republic of Tanzania; Data source; All types,10.07,8.44,6.74,6.15,5.24,4.04,3.97,4.17,3.97,4.91,4.25,4.23,4.04,4.95,4.46,4.3,5.5,5.39,5.68,
United Republic of Tanzania; Data source; Beer,0.39,0.42,0.38,0.36,0.34,0.36,0.37,0.39,0.33,0.24,0.22,0.22,0.16,0.16,0.13,0.15,0.14,0.13,0.13,
United Republic of Tanzania; Data source; Wine,0,0,0,0,0,0.01,0.01,0,0,0.02,0.01,0.01,0.01,0.01,0.01,0.01,0.01,0.01,0.01,
United Republic of Tanzania; Data source; Spirits,0.15,0.13,0.16,0.16,0.18,0.18,0.21,0.17,0.19,0.19,0.21,0.2,0.18,0.2,0.23,0.19,0.16,0.15,0.16,
United Republic of Tanzania; Data source; Other alcoholic beverages,9.53,7.89,6.2,5.63,4.72,3.5,3.38,3.61,3.45,4.46,3.81,3.81,3.7,4.58,4.09,3.94,5.19,5.11,5.38,
United States of America; Data source; All types,10.41,10.26,9.99,10.18,10.18,10.11,9.88,9.69,9.77,9.54,9.5,9.27,8.97,8.78,8.59,8.44,8.14,7.99,7.8,7.83
United States of America; Data source; Beer,5.19,5.03,4.88,4.81,4.77,4.73,4.54,4.43,4.35,4.31,4.24,4.13,4.05,4.01,3.94,3.94,3.82,3.75,3.67,3.75
United States of America; Data source; Wine,1.21,1.17,1.1,1.21,1.21,1.17,1.17,1.14,1.17,1.02,0.98,0.98,0.95,0.91,0.91,0.91,0.87,0.83,0.87,0.83
United States of America; Data source; Spirits,4.01,4.05,4.01,4.16,4.2,4.2,4.16,4.13,4.24,4.2,4.28,4.16,3.97,3.86,3.75,3.6,3.44,3.41,3.26,3.26
Uruguay; Data source; All types,5.76,6.07,6.23,5.96,6.85,6.87,6.73,6.61,6.77,6.34,6.36,6.22,5.79,6.86,7.31,6.88,7.19,7.68,9.06,
Uruguay; Data source; Beer,1.39,1.66,1.81,1.53,2.48,2.46,2.2,2.23,2.17,1.79,1.69,1.73,1.3,1.42,1.82,1.72,1.8,1.53,2.53,
Uruguay; Data source; Wine,3.96,3.97,3.99,4,4.02,4.04,4.09,4.04,4.21,4.22,4.23,4.07,4.08,4.97,4.97,4.77,4.91,5.25,5.68,
Uruguay; Data source; Spirits,0.41,0.44,0.43,0.43,0.35,0.37,0.44,0.34,0.39,0.33,0.44,0.42,0.41,0.47,0.52,0.39,0.48,0.9,0.86,
Vanuatu; Data source; All types,2.93,2.63,2.52,2.46,1.74,3.51,3.49,2.92,3.12,3.18,3.88,4.74,5.11,4.17,4.23,3.64,4.83,4.67,4.02,
Vanuatu; Data source; Beer,1.59,1.26,1.16,1.11,0.98,1.88,1.69,1.6,1.43,1.24,1.43,1.39,1.67,1.32,0.91,1.35,1.5,1.38,1.43,
Vanuatu; Data source; Wine,0.67,0.68,0.65,0.62,0.58,1.46,1.51,1.04,1.26,1.58,2.05,2.87,3.18,2.46,2.92,1.9,2.98,2.99,2.28,
Vanuatu; Data source; Spirits,0.67,0.69,0.72,0.74,0.18,0.17,0.29,0.28,0.43,0.36,0.4,0.48,0.26,0.39,0.4,0.39,0.35,0.3,0.31,
Venezuela (Bolivarian Republic of); Data source; All types,9.71,9.49,9.25,8.54,6.88,6.1,5.61,6,5.89,6.59,5.9,6.09,5.96,5.96,5.76,5.38,4.93,4.92,4.93,
Venezuela (Bolivarian Republic of); Data source; Beer,5.23,4.91,4.55,4.17,2.66,2.98,3.13,3.02,3.24,3.83,3.16,2.96,2.87,2.87,2.65,2.51,2.46,2.53,2.54,
Venezuela (Bolivarian Republic of); Data source; Wine,0.23,0.39,0.33,0.3,0.2,0.15,0.11,0.13,0.11,0.13,0.09,0.13,0.1,0.1,0.08,0.06,0.05,0.05,0.03,
Venezuela (Bolivarian Republic of); Data source; Spirits,4.23,4.17,4.36,4.05,4.01,2.97,2.37,2.67,2.54,2.63,2.65,3,2.99,2.99,3.03,2.81,2.42,2.34,2.36,
Venezuela (Bolivarian Republic of); Data source; Other alcoholic beverages,0.01,0.02,0.01,0.01,0.01,0,0,0,0,0,0,0,0,0,0,0,0,0,0,
Viet Nam; Data source; All types,0.7,0.64,0.64,0.66,0.66,0.71,0.77,0.81,0.82,0.85,0.85,0.82,0.86,0.8,0.81,0.76,0.73,0.71,0.67,
Viet Nam; Data source; Beer,0.14,0.12,0.13,0.14,0.13,0.14,0.21,0.21,0.27,0.28,0.26,0.24,0.26,0.24,0.24,0.21,0.2,0.19,0.19,
Viet Nam; Data source; Wine,0,0,0,0,0,0,0,0,0,0,0,0,0,0,0,0,0,0,0,
Viet Nam; Data source; Spirits,0.56,0.52,0.51,0.52,0.54,0.57,0.56,0.59,0.55,0.57,0.59,0.58,0.59,0.55,0.57,0.55,0.53,0.51,0.48,
Yemen; Data source; All types,0.32,0.42,0.34,0.4,0.28,0.3,0.41,0.47,0.51,0.51,0.52,0.53,0.56,0.6,0.62,0.65,0.67,0.69,0.7,
Yemen; Data source; Beer,0.3,0.41,0.33,0.4,0.27,0.29,0.4,0.46,0.5,0.5,0.52,0.53,0.55,0.58,0.61,0.63,0.65,0.67,0.68,
Yemen; Data source; Wine,0,0,0,0,0,0,0,0,0,0,0,0,0,0,0,0,0,0,0,
Yemen; Data source; Spirits,0.02,0.01,0.01,0.01,0,0.01,0.01,0.01,0.01,0,0,0,0.01,0.01,0.02,0.02,0.02,0.02,0.02,
Zambia; Data source; All types,5.16,6.2,6.57,6.66,6.82,7.6,9.95,9.47,8.17,8.09,8.25,8.54,9.08,8.86,8.46,8.12,8.18,8.32,8.46,
Zambia; Data source; Beer,1.38,1.33,1.37,1.86,1.79,1.14,1.38,1.63,1.6,1.48,1.35,1.2,0.97,0.74,0.52,0.41,0.41,0.39,0.38,
Zambia; Data source; Wine,0.01,0.01,0.01,0.02,0.03,0.03,0.02,0.03,0.03,0.04,0.03,0.03,0.04,0.02,0.02,0.02,0.02,0.02,0.02,
Zambia; Data source; Spirits,0.03,0.02,0.02,0.03,0.03,0.02,0.04,0.03,0.03,0.04,0.04,0.05,0.07,0.09,0.09,7.59,0.09,0.09,0.09,
Zambia; Data source; Other alcoholic beverages,3.75,4.85,5.16,4.76,4.97,6.41,8.51,7.79,6.5,6.53,6.84,7.25,8.01,8.01,7.83,0,7.67,7.82,7.97,
Zimbabwe; Data source; All types,4.81,5.25,4.9,6.59,5.91,6.51,5.5,5.95,6.48,5.99,5.08,6.04,5.49,6.05,4.87,4.56,4.63,5.05,4.24,
Zimbabwe; Data source; Beer,0.31,0.33,0.41,0.6,0.63,0.63,0.67,0.62,0.61,0.57,0.55,0.54,0.54,0.54,0.22,0.21,0.25,0.24,0.25,
Zimbabwe; Data source; Wine,0.04,0.03,0.02,0.02,0.02,0,0,0,0,0,0,0,0,0.01,0.04,0.04,0.05,0.02,0.04,
Zimbabwe; Data source; Spirits,2.91,2.51,2.33,2.66,2.2,2.24,2.32,1.8,1.86,1.28,1.32,1.37,1.41,1.45,0.75,0.38,0.39,0.4,0.41,
Zimbabwe; Data source; Other alcoholic beverages,1.55,2.38,2.13,3.3,3.06,3.64,2.52,3.54,4.01,4.14,3.2,4.13,3.53,4.04,3.86,3.92,3.94,4.39,3.53,